module_code,module_name
PRRS101|D1|22,LAW FOR LIFE
CEDB301|D1|22,2 AND 3-DIMENSIONAL DESIGN STUDIES I
PHIS101|D1|22,2 AND 3-DIMENSIONAL DESIGN STUDIES II
ATHB301|D1|22,2 AND 3 DIMENSIONAL STUDIES III
INSL101|P1|22,2-DIMENSIONAL STUDIES  1B
MMTC101|I1|22,3-DIMENSIONAL STUDIES IB
NENS102|D1|22,APPLIED ADMINISTRATIVE MANAGEMENT
ADCS702|D1|22,APPLIED ANATOMY AND PHYSIOLOGY IB
AHRK802|D3|22,ANALYTICAL BIOCHEMISTRY III
COME101|D1|22,ACADEMIC & QUANTITATIVE LITERACY
EQDV101|P1|22,ANALYTICAL CHEMISTRY III (ATOMIC SPECTROSCOP)
MDRC301|D1|22,ANALYTICAL CHEMISTRY III (CHROMATOGRAPHY)
APDB301|D1|22,ACCOMMODATION MANAGEMENT III
EMAN301|P1|11,ACCOUNTING I
MTBE101|D1|22,ACCOUNTING II
HOWP101|D1|22,ACCOUNTING 302
INDE101|D1|22,ACCOUNTING PROFESSIONAL PRACTICE 1B
BSYS101|P1|22,ACCOUNTING III
FMNG101|D1|22,ANALYTICAL CHEMISTRY III (ELECTROANALYTICAL)
PRTP301|D1|22,ADVANCED COMPLIANCE AND GOVERNANCE LAW
ADTN301|D3|22,ANALYTICAL CHEMISTRY IV (MODULE 2)
ENMA802|D1|22,CONSTRUCTION LAW AND ARBITRATION
TEPS303|D1|22,ACADEMIC LITERACY
STDT201|I1|22,ADVANCED CLINICAL PRACTICE
INAU201|D1|22,ACCOMODATION MANAGEMENT 201
EINT301|P1|11,ANALYTICAL CHEMISTRY III (MOLECULAR SPECTROS)
ACAS301|D1|22,ACCOUNTING LITERACIES 102
HIVD101|D1|22,ACCOUNTING PROFESSIONAL PRACTICE 1B
SRCV101|D1|22,ACCOUNTING AND FINANCIAL PRINCIPLES II
STHM402|P1|22,ANALYTICAL CHEMISTRY:PRACTICAL III (MODULE 1)
BSAP201|D1|22,ANALYTICAL CHEMISTRY:PRACTICAL III (MODULE 2)
EWSY301|D1|22,ACCOUNTING RESEARCH PROJECT B
FOOB101|P1|22,ACCOUNTING RESEARCH PROJECT B
RPPB301|D1|22,ACTING TECHNIQUES IB
SLPA301|D1|22,ACTING TECHNIQUES IIB
ESTP802|D1|22,ACTING TECHNIQUES IIIB
CEDB201|D1|22,ACTING TECHNIQUES IV B
TEDE802|D1|22,ART AND DESIGN APPRECIATION 1B
MACB301|D3|22,ADVANCED AUDITING
EDUC301|I1|11,ADVANCED AUDITING
MCMB101|D1|22,ADVANCED FINANCIAL ACCOUNTING 4D
IMAC101|D1|22,ADVANCED FINANCIAL ACCOUNTING 4D
SLMB201|I1|22,ADVANCE CORPORATE PRACTICE 1
TRMP302|P1|22,ADVANCE CORPORATE PRACTICE 1
FREN402|D1|22,ADVANCED FINANCIAL ACCOUNTING FOR SME's
OPRT201|D1|22,ADVANCED FINANCIAL ACCOUNTING FOR SME's
ADPR401|D1|22,ADVANCED COLOURATION THEORY
RENE301|D1|22,ADVANCED CYBERSECURITY
CLFA101|P1|22,ADVANCED ENTREPRENUERSHIP
WKPP101|D3|22,ADVANCED FINANCIAL MANAGEMENT
EMCS101|P1|22,ADVANCED FINANCIAL MANAGEMENT
AUDN221|P1|22,ADVANCED FINANCIAL MANAGEMENT 1
ACCP102|D1|22,ADVANCED FINANCIAL MANAGEMENT 1
PHYS104|D1|22,ADVANCED FINANCIAL MANAGEMENT
PYCL101|D1|22,ADVANCED HOSPITALITY OPERATIONS
FDBT101|D1|22,ADVANCED DISASTER AND RISK MANAGEMENT
EDPB301|D1|22,ADVANCED IMAGE PROCESSING
TELC101|D1|22,ADJUNCTIVE THERAPIES I
TPRP101|D1|22,ADVANCED LEADERSHIP & GOVERNANCE
EVMN201|D1|22,ADVANCED LABOUR LAW
RPJT401|D1|22,ADVANCED LABOUR LAW
QUTE102|D1|22,ADVANCED LABOUR LAW
URST802|D1|22,ADVANCED LABOUR LAW
CLMA101|D1|22,ADVANCED LABOUR LAW
QAUT401|D3|22,ADVANCED LITERATURE STUDIES
ZUHL202|I1|22,ADVANCED MONITORING & EVALUATION
UPPA101|D1|22,ADMINISTRATIVE MANAGEMENT II
CLPB301|D1|22,ARCHITECTURAL DESIGN IB
MNMN201|P1|22,ADVANCED OPERATIONS MANAGEMENT
ALWR101|D3|22,APPLICATIONS DEVELOPMENT PROJECT III
PJMT101|P1|22,ADVANCED PUBLIC RELATIONS
FYSE|P1|22|C|P,ADVANCED PUBLIC RELATIONS
BISP102|I1|22,ADVANCED DISCRIPTIVE QUANTIFICATION 4B
WVPP502|D1|22,ADVANCED INDUSTRIAL RELATIONS
CLAW201|D1|22,ADVANCED INDUSTRIAL RELATIONS
BPRM121|D1|22,ADVANCED INDUSTRIAL RELATIONS
INAD221|D1|22,ARCHITECTURAL DESIGN
CPHB101|D1|22,DVANCED STRATEGIC MANAGEMENT
SPMT802|D3|22,ADVANCED STRATEGIC MANAGEMENT
MMTA101|I1|22,ADVANCED STRATEGIC RETAILING
MRFM404|D1|22,AUDITING 2B
RSMA102|D1|22,AUDITING 2B
PPCT301|D1|22,AUDITING III
WKSM101|D1|22,AUDITING III
CCAC202|D1|22,AUDITING III
TRNA201|I1|22,ADVANCED COMPUTER AUDIT 4B
PHJO102|D1|22,APPLIED EMPLOYEE RELATIONS
AMGT201|P1|22,APPLIED EMPLOYEE RELATIONS
FNTR401|D1|22,AESTHETIC PRACTICES II
CMNP301|D1|22,ADVANCED ENVIRONMENTAL MANAGEMENT
CLPR101|D1|22,APPLIED FINANCIAL ACCOUNTING 3B
TCLT101|D1|22,APPLIED FOREIGN LANGUAGE: FRENCH 102
BGDD101|D1|22,APPLIED FOREIGN LANGUAGE: FRENCH 202
PRMM101|D1|22,APPLIED FOREIGN LANGUAGE: MANDARIN 102
HRMP101|D1|22,APPLIED FOREIGN LANGUAGE: MANDARIN 202
BSRT801|D3|22,APPLIED FIRST LANGUAGE: ISIXHOSA 102
HCPI301|D1|22,APPLIED FIRST LANGUAGE: ISIXHOSA 202
LIRE401|D1|22,APPLIED FIRST LANGUAGE: ISIZULU 102
MMTB101|I1|22,APPLIED FIRST LANGUAGE: ISIZULU 202
VCDS221|D1|22,APPLIED FINANCIAL MANAGEMENT
CCNS101|D1|22,APPLIED HUMAN RESOURCE & KNOWLEDGE MANAGEMENT
UPPB401|D1|22,APPLIED HUMAN RESOURCE & KNOWLEDGE
EXPH201|D1|22,ADV INTERIOR CONSTRUCTION CODES & REGULATIONS
AFLZ202|D1|22,ADV INTERIOR CONSTRUCTION CODES & REGULATIONS
TPRS201|D1|22,ADVANCED LEADERSHIP AND GOVERNANCE
ALIN201|D1|11,ADMIRALTY LAW AND JURISDICTION
PFSP201|D1|22,ALGORITHMS AND DATA STRUC
TRPR101|D1|22,CADEMIC LITERACY AND INFORMATION I
CADS301|D1|22,ACADEMIC LITERACY AND INFORMATION II
CMLB201|D1|22,ADVANCED LOCAL ECONOMIC DEVELOPMENT
NSMR101|D1|22,ACADEMIC LITERACY AND PRACTICE
BRPR802|D3|22,CADEMIC LITERACY & WRITING SKILLS/AC PR
ACCN302|I1|22,ACADEMIC LITERACY & WRITING SKILLS/AC PR
DFEC101|I1|22,ACADEMIC LITERACY & WRITING SKILLS/AC PR
MAFA101|D1|22,ACADEMIC LIT & WRITING SKILLS /ACC PRACTICE
PHGU201|D1|22,ADVANCED MANAGEMENT ACCOUNTING
EDTC102|D1|22,ADMINISTRATIVE MANAGEMENT II
REPR802|D1|22,ADVANCED MECHANICAL MANUFACTURING
PHIS121|D1|22,ADVANCED MONITORING AND EVALUATION
EVEN101|D1|22,ANALYTICAL BIOCHEMISTRY III
ACHM422|D1|22,ANALYTICAL CHEMISTRY I
SMCO101|D1|22,GROSS ANATOMY 1A
CYCW301|D1|22,CLINICAL ANATOMY II
INLR101|D1|22,ANALOGUE ELECTRONICS IA
ELDH102|P1|22,ANALOGUE ELECTRONICS IB
PJEM101|D1|22,ANALOGUE ELECTRONICS IA
COHO402|D1|22,ANATOMY II
HDEV201|D1|22,ANATOMY AND PHYSIOLOGY IB
NSRB302|I1|22,ANATOMY AND PHYSIOLOGY IB
STBE101|D1|22,ANATOMY AND PHYSIOLOGY IIB
RMHO101|D1|11,ADVANCED OPERATIONS MANAGEMENT TECHNIQUES
FPEN101|D1|22,APPLIED PHYSICAL CONDITIONING 1
ZUFL202|I1|22,APPLIED PHYSICAL CONDITIONING 3
PBLF201|P1|22,APPLIED PR & COMM PLANNING
ADLS401|D1|22,APPLICATIONS DEVELOPMENT IB
EWSY101|D1|22,APPLICATIONS DEVELOPMENT IIB
IMTN221|P1|22,APPLICATIONS DEVELOPMENT  IIIB
MELA501|D1|22,APPLICATIONS DEVELOPMENT PROJECT 1
SVPJ301|D1|22,APPLICATIONS DEVELOPMENT
IPPB101|D1|22,APPLICATIONS DEVELOPMENT PROJECT IIIB
CMCL101|D1|22,APPLIED ADMINISTRATIVE MANAGEMENT
ENGA202|D1|22,APPLICATIONS DEVELOPMENT PROJECT I
FSCP102|D1|22,APPLICATIONS DEVELOPMENT PROJECT II
BINS221|P1|22,ADVANCED PEOPLES MANAGEMENT
CTEC101|I1|22,ADVANCED PEOPLE MANAGEMENT
FCAB101|P1|22,APPIED FINANCIAL ACCOUNTING 3B
NMPB401|D1|22,APPLIED FINANCIAL ACCOUNTING
CCWB401|D1|22,APPLIED FINANCIAL ACCOUNTING
DVBL101|P1|22,APPLIED FINANCIAL MANAGEMENT
ELTE102|I1|22,APPLIED FINANCIAL MANAGEMENT
INTMAAC|D6|11,APPLIED FINANCIAL MANAGEMENT
SMBM401|D1|22,APPLIED PHOTOGRAPHIC TECHNIQUES IB
EVMN101|D1|22,APPLIED PHOTOGRAPHIC TECHNIQUES IIB
KZNM101|D1|22,ANATOMY AND PHYSIOLOGY FOR SOMATOLOGY 1B
OMNG321|P1|22,ADVANCED PROJECT MANAGEMENT
COBE101|D1|22,APPLIED MATHEMATICS FOR COMPUTING B
MBIO102|D1|22,APPLIED MANAGEMENT
AUDB201|D3|22,APPLIED MANAGEMENT
OPMT802|D3|22,APPLIED OFFICE PRACTICE
STME802|P1|22,APPLIED PROJECT MANAGEMENT
APCO101|D1|22,APPLIED PROJECT MANAGEMENT
ATPR802|D1|22,APPLIED PUBLIC RELATIONS AND COMMUNICATION PLANNING
CAMA301|D1|22,APPLIED RESEARCH ICT
FNLT101|D3|22,APPLIED MARKETING RESEARCH
DYNW201|D1|22,ACCOUNTING PRINCIPLES FOR HOSPITALITY
MNFE101|D1|22,APPLIED PROJECT MANAGEMENT
BSTT201|P1|22,ADVANCED PROCUREMENT MANAGEMENT
WVPR101|D1|22,ADVANCED PROJECT MANAGEMENT
EVLE101|D1|22,ADVANCED PROCUREMENT MANAGEMENTENT
ADSR404|D1|22,APPLIED RETAILING
FACB101|D3|22,APPLIED SCIENCES 1
CMAB101|I1|22,APPLIED STRATEGIC MANAGEMENT
CHME102|D1|22,APPLIED SCIENCES AND SOCIETY
WILE101|E1|22,APPLIED THERMODYNAMICS
BSAB301|D1|22,APPLIED TAX B
FIMT201|P1|22,APPLIED TAX B
LFSC102|I1|22,APPLIED SCIENCE AND COMMUNITY ENGAGEMENT
LSTM401|D1|22,APPLIED SCIENCE FOR ENVIRONMENT SUSTAINABILITY
WLTH101|D1|22,APPLIED STRATEGIC MANAGEMENT
EDCN402|I1|22,ADVANCED SERVICES MARKETING
BSPM221|P1|22,APPLIED SCIENCES FOR SUSTAINABLE DEVELOPMENT
CMHM101|D1|22,APPLIED STRATEGIC PROPOSAL
CAAU101|D1|22,APPLIED SCIENCE & WELLNESS
MTSP302|I1|22,ART THEORY IB
TECL101|D1|22,ART THEORY IIB
AERH802|D3|22,ART THEORY III B
STST201|D1|22,ATHLETIC INJURY MANAGEMENT
BIMC101|D1|22,AUTOMATION 4B
ADOM401|D3|22,ADVANCED TRANSLATION PRACTICE I
ELEP101|D1|22,AUDITING IIB
DFEN101|I1|22,AUDITING IIB
PORP301|D1|22,AUDITING 2B
HTDB301|D1|22,AUDITING II (MODULE 2)
SPBM401|P3|22,AUDITING III
NMPB301|D1|22,AUDITING III
PLDS121|D1|22,ADV VISUAL COMMUNICATION DESIGN 302
HYSA101|D1|22,BASIC 2&3 DIMENSIONAL STUDIES 1
REME101|D1|22,BASIC APPLICATION OF ARTIFICIAL INTELLIGENCE
MMED402|D1|11,BASIC INFORMATION LITERACY 1B
TXAN221|P1|22,BUSINESS ANALYSIS IIB
COMZ102|I1|22,BUSINESS ANALYSIS PROJECT IIIB
BUIN301|D1|22,BUSINESS ANALYSIS PROJECT IIIB
FOFP401|D1|22,BUSINESS ANALYSIS PROJECT 1
RMHD401|D1|22,BUSINESS ANALYSIS IIB
CPTP301|D1|22,BUSINESS ANALYSIS PROJECT IIIB
BNAP102|D1|22,BIOCHEMISTRY II
SLPB201|D1|22,BUSINESS COMM & INFO LITERACY
EGAD102|I1|22,BUSINESS COMM & INFO LITERACY
WVTC301|D1|22,BUSINESS COMM & INFO LITERACY
BUMA302|D1|22,BUSINESS COMM & INFO LITERACY
PCPM101|D1|22,BUSINESS COMM & INFO LITERACY
EMCT101|D1|22,BUSINESS COMM & INFO LITERACY
POSC301|D1|22,BUSINESS COMMUNICATION TECHNOLOGY
GRAP301|D1|22,BACTERIOLOGY II
CNRB401|I1|22,BACTERIOLOGY III
JWMB201|D1|22,BASIC DRAWING FOR FASHION DESIGN 1B
PRPJ201|P1|22,BUSINESS FUNDAMENTALS II
SODM401|D1|22,BASIC GARMENT DESIGN & DEVELOPMENT 1
HREM201|P1|22,BASICS OF GEOPOLITICS
APTX802|D3|22,BEHAVIOUR MANAGEMENT I
CMTR101|D1|22,BEHAVIOUR MANAGEMENT II
SSPM402|D3|22,BEHAVIOUR MANAGEMENT III
LGMN201|D1|22,BEHAVIOUR MANAGEMENT IV
WKPR101|D3|22,BUSINESS INFORMATION SYSTEMS I
PMGM101|D1|22,BUSINESS INFORMATION SYSTEMS I
CAFM301|D1|22,BUSINESS AND INFORMATION  MAN IB
BCIN101|D1|22,BUSINESS AND INFORMATION  MAN IIB
ITPM201|I1|22,BIOMECHANICS I
ADCD702|D1|22,BUSINESS AND INFORMATION  MAN PRAC I
DPPC401|D1|22,BUSINESS INFORMATICS
DINT421|D1|22,BUSINESS INFORMATION SYSTEMS II (MOD 2)
SVTB101|D1|22,BIOPROCESS ENGINEERING
CLWA221|P3|22,ENVIRONMENTAL BIOREMEDIATION
ENFL302|I1|22,BUSINESS INFORMATION SYSTEMS IIIB
SOMA402|D1|22,BUSINESS INFORMATION SYSTEMS 1
LPPL201|D1|22,BUSINESS INFORMATION SYSTEMS IIIB
APHB101|D1|22,BASIC LIFE SUPPORT
DICD101|I1|22,BUSINESS MANAGEMENT II
PATB301|D1|22,BUSINESS MANAGEMENT II
MDRN101|D1|22,BUSINESS MATHS
PSOH101|D1|22,BIOLOGICAL NATURAL SCI I: ANAT & PHYSIOL
HRTB101|D1|22,BUSINESS MANAGEMENT II
INMB201|D1|22,BUSINESS PRINCIPLES AND MANAGEMENT 1 MODULE 1B
RTMK201|D1|22,BUSINESS PRINCIPLES AND MANAGEMENT II Module IIB
CNST201|D1|22,BUSINESS PRINCIPLES AND MANAGEMENT III MODULE IIIB
FAVA301|D1|22,BRAND MANAGEMENT
ILGB101|D1|22,BIOREMEDIATION
JDDB201|D1|22,BUSINESS RESEARCH PROPOSAL
GPAT201|D1|22,BUSINESS RESEARCH REPORT
LWLF101|D1|22,BUSINESS RESEARCH PROPOSAL
UPPC401|D1|22,BUSINESS RESEARCH REPORT
OAPB101|D1|22,BUSINESS RESEARCH REPORT
INFS401|D1|22,BUSINESS RESEARCH REPORT
ERPB301|D1|22,BUSINESS RESEARCH PROPOSAL
INTA401|D1|22,BUSINESS ANALYSIS IIB
TAXT101|D3|22,BUSINESS ANALYSIS IIIB
ITEC202|I1|22,BUSINESS ANALYSIS PROJECT I
ANPB202|I1|22,BUSINESS ANALYSIS PROJECT II
DRIL201|D1|22,BIO & NAT SCI III: BIOPHYSICS & BIOCHEMI
ADLL402|P1|22,BSCM802 BUSINESS STRATEGY FOR CONSTRUCTION MANAG
PREG502|D1|22,BUSINESS CONCEPTS
LFSC302|I1|22,BUSINESS FUNDAMENTALS I
QUTC102|P1|22,BUSINESS FUNDAMENTALS II
DFAC101|I1|22,BUSINESS FUNDAMENTALS I
ITEC102|I1|22,BUSINESS INFORMATION SYSTEMS I
MSMP404|D1|22,BUSINESS INTELLIGENCE III
IPHC402|I1|22,BUSINESS  MANAGEMENT IB
APFM802|D1|22,BUSINESS MANAGEMENT III
AHRN802|P1|22,BUSINESS & MANAGEMENT II
MPSC201|D1|22,BUSINESS LAW II
IECO101|D1|22,BASIC PHARMACOLOGY I
GNEV401|P1|22,BUSINESS PRINCIPLES AND MANAGEMENT I (MODULE 2)
LETS401|P1|22,BUSINESS PRINCIPLES AND MANAGEMENT II (MOD 2)
APDJ102|I1|22,BUSINESS PRINCIPLES AND MANAGEMENT III
RPPB201|D1|22,BUSINESS RESEARCH REPORT
UIMS201|D1|22,BUSINESS RESEARCH REPORT
ENFL102|I1|22,BUSINESS RESEARCH REPORT VIII
PFDP101|D1|22,BUSINESS STUDIES
23DS201|D1|22,BUSINESS STUDIES II
IGSH101|D1|22,BUSINESS STUDIES 302
HMTL101|D1|22,BUSINESS STATISTICS II
CQLA101|D1|22,BUSINESS INFORMATION SYSTEMS
PTQS402|D1|22,BUSINESS FINANCE
TEXT202|D1|22,BUSINESS INFORMATICS
NSME101|D1|22,BUSINESS INTELLIGENCE 3
ADCD702|D3|22,BUSINESS LAW
NUTI202|D1|22,BUSINESS MANAGEMENT IB
ADIP402|D1|22,BUSINESS MANAGEMENT 3B
CMIN101|D1|22,BUSINESS RESEARCH REPORT
TRTB201|D1|22,COST ACCOUNTING I (AUGMENTED)
SERS101|D1|22,COST ACCOUNTING IIB (AUGMENTED)
COLA101|D1|22,COST ACCOUNTING IIB
QUTE101|D1|22,COST ACCOUNTING IIB
EDCN302|I1|22,COST ACCOUNTING II (MODULE 2)
CURM101|D1|22,COMPUTER AIDED DESIGN IIA
PTCB201|D1|22,COMPUTER AIDED DRAWING AND DESIGN
SHPM201|D1|22,COMPUTER AIDED DESIGN 4
EMAF301|P1|11,COMPUTER AIDED DESIGN III
PFDP201|D1|22,COMMUNITY ENGAGEMENT AND DEVELOPMENT I
MASN202|I1|22,CATERING FINANCIAL MANAGEMENT 301
TDNB301|D1|22,COMPUTER AND INFORMATION SCIENCES
HORP802|D1|22,CATERING MANAGEMENT 301
STRA201|I1|22,CELL BIOLOGY
RSPR501|D1|22,CONTEMPORARY BUSINESS PRACTICE
DEVP202|I1|22,COMMERCIAL COOKERY 102
PBMA101|P1|22,COMMERCIAL COOKERY 202
CYCP401|D1|22,CLINICAL CHIROPRACTIC & BIOMECHANICS 1
FIRP402|D1|22,CLINICAL CHIROPRACTIC &  BIOMECHANICS 2
ITCT101|D1|22,CHEMISTRY AND COLOUR PHYSICS
BSAB201|D1|22,COMMERCIAL LAW FOR TOURISM
CYTL101|D1|22,COMMERCIAL LAW II
OPRT201|D3|22,CHIROPRACTICCASE MANAGEMENT
RAJO202|D1|22,COMMUNICATION SKILLS
BSIS101|D1|22,CLINICAL CHIROPRACTIC PRACTICUM VB
FPSO102|D1|22,CRITICAL & CONTEXTUALSTUDIES I
APTH101|D1|22,CHILD AND YOUTH CARE WORK IV B
INTC802|D1|22,CAPSTONE DESIGN PROJECT
JDMA402|D1|22,CHEMICAL ENGINEERING DESIGN IIB
PTCB301|D1|22,CHEMICAL ENGINEERING DESIGN IIIB
FNPM802|D1|22,CHEMICAL ENGINEERING DESIGN I
BMTS102|P1|22,CHEMICAL ENGINEERING FUNDAMENTALS 1B
APRN401|P1|22,CHEMICAL ENGINEERING LABORATORY IB
CMAA101|I1|22,CHEMICAL ENGINEERING LABORATORY IIB
THCL401|D1|22,CIVIL ENGINNERINGMETHODS
FCTN121|D1|22,COMMUNITY ENGAGEMENT
CENG101|D1|22,CHEMICAL ENGINEERING PROCESS DESIGN 4B
QPIM802|D3|22,COMMUNITY ENGAGEMENT PROCESSES
RAPM802|D1|21,COMMUNITY ENGAGEMENT PROJ
SCRB101|D1|22,CLINICAL NURSING PRAC: FUNDAMENT NURS SC
CMLB201|D3|22,CORPORATE GOVERNANCE AND BUSINESS ETHICS
FMIC302|D1|22,CORPORATE GOVERNANCE AND BUSINESS ETHICS
PFSP301|D1|22,CORPORATE GOVERNANCE AND BUSINESS ETHICS
GENV101|P1|22,CORPORATE GOVERNANCE & BUSINESS ETHICS
ADRE401|D1|22,CHEMISTRY AND COLOUR PHYSICS 3
ALIN101|D1|11,CHEMISTRY AND COLOUR PHYSICS
ECTF301|P1|11,CHEMISTRY PROJECT IV
DIJO302|D1|22,CHEMISTRY I
ERPB401|D1|22,CHEMISTRY B
FSTC201|D1|22,CHEMISTRY PROJECT I
PJMN101|D1|22,COMMUNITY HEALTHCARE AND ADVANCED
IWEB201|I1|22,CHEMISTRY B
RPPB101|D1|22,CIVIL MECHANICS 1
DPJT121|D1|22,CLINICAL ANATOMY
ATMT802|D1|22,COMMERCIAL LAW FOR ACCOUNTANTS I
COTH401|D1|22,COMMERCIAL LAW
ADCP702|D1|22,CORPORATE LAW
ELTE302|I1|22,COMMERCIAL LAW FOR ACCOUNTANTS 2B
TRAN102|D1|22,CLINICAL PRACTICE I
EDUT101|D1|22,CLINICAL PRACTICE II
PSCI302|I1|22,CLINICAL PRACTICE III
PHYP201|D1|22,CULTURAL DIVERSITY
ALWR101|D1|22,CLINICAL ENDOCRINOLOGY AND OPTHALMOLOGY
PFNM201|D1|22,COMMERCIAL LAW FOR ACCOUNTING
MCCB322|P1|22,CLINICAL PRACTICE
ROMB201|D1|22,CONSTITUTIONAL LAW & HUMAN RIGHTS
CACB201|D1|22,CLINIC OBS PROGRAMME
MCHM102|D1|22,COMMERCIAL LAW 2B
TLPM101|P1|21,CLINICAL MENTORING AND ASSESMENT
VPRT202|D1|22,CLINICAL PAEDIATRICS
CEDS101|D1|22,CLINICAL PRACTICE IIB
NTRN101|D1|11,CLINICAL PRACTICE IIIB
BRRT802|P1|22,CLINICAL PRACTICE IVB
DATB101|D1|22,CLINICAL PRACTICE IVB (PROSTHETICS)
COLA201|D1|22,CLINICAL PRACTICE
BAIL102|D1|22,CLINICAL PRACTICE
TRFP101|D1|22,CLINICAL PRACTICE
INTD101|D1|22,CLINICAL PRACTICE
EDTH302|D1|22,COLOURATION TECHNOLOGY III
POPR101|D1|22,CLINICAL TECHNOLOGY PRACTICE
SYPT102|D1|22,COMMERCIAL LAW FOR ACCOUNTANTS I
CLAW221|P1|22,OMMERCIAL LAW FOR ACCOUNTANTS II (MODULE 1)
PPRM301|D1|21,OMMERCIAL LAW FOR ACCOUNTANTS II (MODULE 1)
GLEN301|D1|22,COMPUTER APPLICATIONS A
COAR201|D1|22,COMPUTER APPLICATIONS B
TXSB101|D1|22,COST ACCOUNTING 1B
PTPY201|D1|22,COST AND MANAGEMENT ACCOUNTING 2B
QDCB201|D1|22,COMMUNICATION LITERACY I
MSEG201|D1|22,COMMUNITY ENGAGEMENT PROJECT
TASM101|D3|22,LINICAL MUSCULOSKELETAL AND HAEMATOLOGY
MLIT102|I1|22,COMPUTER AND INFORMATION TECHNOLOGY
PJMN102|D1|22,COMMERCIAL LAW IIB
STHM401|D3|22,COMMERCIAL LAW IIB
PTMN201|D1|22,COMMERCIAL LAW I
EDUT101|I1|22,COMMERCIAL LAW II MODULE II
ADJT101|D1|11,COMMUNICATION PRACTICE
IPDB201|D1|22,COMMUNICATION I
TSTM101|D1|22,CONSTRUCTION MANAGEMENT 1B
CLPB201|D1|22,CONSTRUCTION MANAGEMENT 2B
STSC802|P1|22,COMMUNICATION  PRACTICE
REMA401|D1|22,COMPLIANCE MANAGEMENT
CHEP401|D1|22,CHEMISTRY
PYSI121|D1|22,CLINICAL PRACTICE I
VNVL101|D1|22,CONSTRUCTION MANAGEMENT IB
JTPP402|D1|22,CONSTRUCTION MANAGEMENT IIB
TSCI202|I1|22,CLINICAL NEPHROLOGY AND NEUROLOGY
CLAN101|D1|22,CLIN NURS PRAC IB: GENERAL NURS SCIENCE
MNAF121|D1|22,CLIN NURS PRAC IB: Mental Health
ECOF201|P1|11,CLIN NURS PRAC IB: PRIMARY HEALTH CARE
CNTK102|I1|22,CLINICAL NURSING PROJECT IVB
HDEV101|D1|22,CONSTRUCTION TECHNOLOGY II
ORIB101|D1|22,CONSTRUCTION TECHNOLOGY IB
BSRR801|D3|22,CONSTRUCTION TECHNOLOGY IB
FMTA201|P1|22,CONSTRUCTION TECHNOLOGY IIIB
AVCD321|D1|22,COMMUNICATION NETWORKS 1
ITRL101|D1|22,CONTRACT MANAGEMENT
EVEM101|P1|22,COMMUNICATION NETWORKS
WATT802|D1|22,COMPUTER ORGANISATION AND ARCHITECTURE I
EDTB101|D1|22,CONSUMER BEHAVIOUR I
ACOL102|D1|22,CARRIAGE OF DANGEROUS CARGO
SKDB201|D1|22,CONSERVATION HORTICULTURE 4B
AFLZ102|D1|22,CONSERVATION HORTICULTURE 5B
ADFM802|D3|22,COMMERCIAL LAW FOR ACCOUNTANTS IB
PPMG101|P1|22,COMMERCIAL LAW FOR ACCOUNTANTS IIB
ROPS101|D1|22,COMMERCIAL LAW FOR ACCOUNTANTS IIB
ADTG301|P1|22,COMPUTER LITERACY
INTE802|D1|22,COST AND MANAGEMENT ACCOUNTING IB
ICTC101|D1|22,COST AND MANAGEMENT ACCOUNTING IIB
MMED203|D1|22,COMPOSITE MATERIALS
TAIP402|D1|22,COMMUNICATION DYNAMICS
SLMA201|I1|22,DIGITAL COMMUNICATION AND MULTIMEDIA
TRTB301|D1|22,COMMUNICATION IN ENGLISH
STHM401|D1|22,COMMUNICATION IN ENGLISH
RESC404|D1|22,COMMUNITY ENGAGEMENT
MPLN201|D1|22,COMMUNICATION IN ISIZULU II
LSKL201|I1|22,CONSTRUCTION TECHNOLOGY 2B
FCTN221|D1|22,COLOURATION THEORY 3
BIOR702|D1|22,COMPLEMENTARY THERAPY
LPPB201|D1|22,CLIN LAB PRAC II: CLIN PATH MOD B
TENE101|P1|22,CLIN NURS PRAC IA: MEDICAL & SERGICAL IA
PANP101|D1|22,CHIROPRACTIC PRINCIPLES & PRACTICE I
BCIF101|D1|22,CHIROPRACTIC PRINCIPLES & PRACTICE II
FRCH101|D1|22,CHIROPRACTIC PRINCIPLES AND PRACTICE IIIA
ERTB201|D1|22,CHIROPRACTIC PRINCIPLES AND PRACTICE IV B
DFIT101|I1|22,CAPSTONE PROJECT
SMAE802|D3|22,CAPACITY DEVELOPMENT II
TASM101|D1|22,COMPLEMENTARY THERAPY II
APPM101|D3|22,COMPUTER PROGRAMMING III
FICC202|D1|22,CONTINUAL QUALITY IMPROVEMENT VIII
MMGN402|D1|22,CHEMICAL QUALITY ASSURANCE
CVTE302|I1|22,COMMERCIAL LAW II
MAIN301|D1|22,CUSTOMER RELATIONS MANAGEMENT
INTFIAC|D6|11,CORPORATE PROCEDURES
MACT321|P1|22,CLINICAL RESPIRATORY
DSNP301|D1|22,CRITICAL THINKING
RFLL201|P1|22,COST ACCOUNTING 2B
CELB101|D1|22,CONSTRUCTION  MANAGEMENT DISERTATION 4B
ACCM301|D1|22,CULINARY STUDIES AND NUTRITION
MFBE102|I1|22,CORNERSTONE 101
WTRM301|D1|22,CORNERSTONE 101
GPTA101|D1|22,CORNERSTONE 101
ITIN101|D3|22,CONTRACT ADMINISTRATION
BSRR802|D1|22,CONSTRUCTION TECHNOLOGY 1B
CHST102|D1|22,CHEMICAL THERMODYNAMICS
BRRK802|D1|22,CONTAINER TERMINAL MANAGEMENT
SNGB201|D1|22,COMMUNICATION TECHNIQUES IB
HOFM301|D1|22,COMMUNICATION TECHNIQUES IIB
BIFS101|D3|22,COMMUNICATION TECHNIQUES IIIB
CSTN101|P1|22,CUSTOMER RELATIONS MANAGEMENT
TDNB101|D1|22,CIVIL ENGINNERING METHODS 1B
WRPR201|P1|22,CIVIL TECHNOLOGY II
BPRM221|D1|22,CIVIL TECHNOLOGY 102
IAUD802|D1|22,CIVIL TECHNOLOGY 201
MICR202|D1|22,CIVIL TECHNOLOGY 302
WLNB101|D1|22,CHILD AND YOUTH CARE WORK PRACTICE I
D & M ENG RESEARCH,CHILD AND YOUTH CARE WORK PRACTICE II
DRAP101|I1|22,CHILD AND YOUTH CARE WORK PRACTICE III
GDSD201|D1|22,CHILD AND YOUTH CARE WORK PRACTICE IV
SMTL201|D1|22,CHILD AND YOUTH CARE WORK IB
BAPP202|I1|22,CHILD AND YOUTH CARE WORK IIA
FDMR101|P3|22,CHILD AND YOUTH CARE WORK IIIB
SPCM201|P1|22,CYTOLOGY I
TENE101|D1|22,D & M ENG RESEARCH
ASES101|D1|22,DRAWING FOR ART AND DESIGN 1B
NENS101|D1|22,DENTAL ASSISTING PRACTICAL IB
PHGY201|D1|22,DENTAL ASSISTING THEORY IB
MCEC101|D1|22,DESIGN APPRECIATION 1
MTTB101|D1|22,DESIGN II
TRTP102|P1|22,APPLICATIONS DEVELOPMENT IB
FPPD501|D1|22,APPLICATIONS DEVELOPMENT
DINT321|D1|22,APPLICATIONS DEVELOPMENT IIIB
QUDO101|I1|22,SUBJECT DIDACTICS: FET
CDSP101|D1|22,SUBJECT DIDACTICS: FET
AUDI202|D1|22,SUBJECT DIDACTICS: FET
ICRE101|D1|22,SUBJECT DIDACTICS: FET
FIRP402|D3|22,SUBJECT DIDACTICS: FET
APHB201|D1|22,SUBJECT DIDACTICS: (FET) ENGLISH
IMTN321|P1|22,SUBJECT DIDACTICS: FET
HCIN301|D1|22,SUBJECT DIDACTICS: FET
ECNB201|D1|22,SUBJECT DIDACTICS: FET
GNSB202|I1|22,SUBJECT DIDACTICS: FET
EDRP811|D1|22,SUBJECT DIDACTICS: FET
CPPR111|D1|22,SUBJECT DIDACTICS: FET
INDO101|I1|22,SUBJECT DIDACTICS: FET
COLI101|D1|22,SUBJECT DIDACTICS: (FET) ISIZULU
ANMY201|D1|22,DIGITAL ELECTRONICS I A
COLA202|D1|22,DIGITAL ELECTRONICS I B
DFPS101|I1|22,DIAGNOSTIC IMAGING SCIENCE I
FACN121|P1|22,DIAGNOSTIC IMAGING SCIENCE II
JDDB101|D1|22,DIAGNOSTIC IMAGING 3
CNMB201|D1|22,DIAGNOSTIC IMAGING I
CCHB421|D1|22,DIAGNOSTIC IMAGING II
COMD101|D1|22,DIGITAL ELECTRONICS I A
ANCH101|D1|22,DIGITAL ELECTRONICS I
HCMP101|I1|22,DRAWING (intro to CAD)
FUBU101|P1|22,DIGITAL JOURNALISM 2B
GVRL401|P3|22,DIGITAL JOURNALISM 3B
PMGM102|D1|22,DIGITIZATION IN LIBRARIES
FAEN101|D1|22,DIAGNOSTICS IB
UIMS101|D1|22,DIAGNOSTICS 2B
NMPB101|D1|22,DESIGN PROJECT PART 2
MISS802|D1|22,DIAGNOSTIC PRACTICE & PROCEDURES IB
FCAB201|P1|22,DIAGNOSTIC PRACTICE & PROCEDURES IIB
TOCL501|D1|22,DIAGNOSTIC PRACTICE & PROCEDURES IIIB
PRIM201|P1|22,DIAGNOSTIC PRACTICE & PROCEDURES IVB
ACTB301|D1|22,CLINICAL DIAGNOSTIC PRACTICE & PROCEDURE
AMNF101|D1|22,DRY PROCESSING RESEARCH PROJECT
MAME502|D1|11,DIGITAL PHOTOGRAMMETRY AND REMOTE SENSING
MOLB301|D1|22,DRAWING APPLICATIONS
RMDS102|D1|22,DRAWING AND ILLUSTRATION I
THSB201|D1|22,DRAWING AND ILLUSTRATION II
STCS101|D1|22,DISASTER & RISK MANAGEMENT
PHYP301|D1|22,DESIGN PROJECT
MTLT102|D1|22,DISASTER MANAGEMENT
OPMA101|D1|22,DESIGN PROJECT
SCWK101|D1|22,DSP APPLICATIONS 4A
PRCX201|P1|22,DIGITAL SIGNAL PROCESSING IIIB
MCHM101|D1|22,DESIGN PROJECT II
INMA702|D1|22,DEVELOPMENT MANAGEMENT
POSC401|D1|22,DEVELOPMENT MANAGEMENT I
ASCE101|D1|22,DYNAMICS IN THE WORKPLACE
JWMB301|D1|22,DYNAMICS IN THE WORKPLACE
MGMT201|D1|22,ETHICS AND MEDICAL LAW
UPPB301|D1|22,ECONOMICS FOR THE BUILT ENVIRONMENT
HFMN307|D1|22,ELECTRONIC CIRCUIT DESIGN III
INET101|D1|22,ECOLOGY
ECNC201|D1|22,ECONOMICS I
ENTP802|P1|22,ECONOMICS II
RPJT101|D1|22,ECONOMICS 302
MAAC402|D1|22,ECONOMICS IIB
IHUR101|P1|22,ECONOMICS 2 (MICRO)
POSP101|D1|22,ECONOMICS
PFDV301|I1|22,ECOTOURISM PRACTICE 2
FNMG201|D1|22,ECOTOURISM PRACTICE II
DSPB301|D1|22,ECOTOURISM: BIOLOGY III
STAN201|D1|22,ECTF201|P1|21
CHPJ101|D1|22,ECOTOURISM BIOLOGY 3
PRDP402|D1|22,ECOTOURISM MARKETING I
ETPR101|P1|22,ECOTOURISM MARKETING II
CHRA101|D1|22,EDUCATION 201
IPLW201|D1|22,EDUCATION 302
VPRT102|D1|22,EDUCATION 402
PSLY101|D1|11,ELECTRONIC DESIGN PROJECT IIIB
PAMA301|D1|22,ENGINEERING DRAWING AND DESIGN
EPRT101|D1|22,ENGINEERING DESIGN AND RESEARCH PROJECT
PHGY121|D1|22,EDUCATIONAL THEATRE IB
PHYC401|D1|22,EDUCATIONAL THEATRE IIB
BIMP101|D1|22,EDUCATIONAL TECHNIQUES I
OPMA202|D1|22,EDUCATIONAL TECHNIQUES I
WILL101|D1|22,EDUCATIONAL THEATRE III B
AFLF102|D1|22,EDUCATION III
MMAT101|D1|22,EDUCATION IV
SCMD201|P1|22,EDUCATION TECHNIQUES I
EMFT303|D1|22,EDUCATION TECHNIQUES I
PENG101|D1|22,ECOTOURISM DEVELOPMENT III
ORIB201|D1|22,ENGINEERING GRAPHICS & DESIGN I
MCLB101|D1|22,ENGINEERING GRAPHICS & DESIGN II
SSCY101|D1|22,ENGINEERING GRAPHICS & DESIGN 302
WIAM201|E1|22,ENGINEERING GRAPHICS & DESIGN II
BCTE501|D1|22,ENGINEERING GRAPHICS & DESIGN III
BFND201|D1|22,ENGLISH FOR THE ARTS
QUTC101|P1|22,ESTATES AND GROUNDS MANAGEMENT IB
IDST101|D1|22,ECOTOURISM INTERPRETATION III
ADEN301|D1|22,INTRODUCTION TO ECOTOURISM FOR LOCAL DEVELOPMENT
BRPK802|D1|22,ELECTRICAL PRINCIPLES I
RPPC401|D1|22,ELECTRICAL PRINCIPLES 2
DFCT101|I1|22,ELECTRICAL TECHNOLOGY APPLICATIONS
APRE402|D1|22,ELECTRICAL TECHNOLOGY I
TMST101|D1|22,ELECTRICAL TECHNOLOGY II
CSNU101|D1|22,ELECTRICAL TECHNOLOGY 302
ECLG101|D1|22,ECOTOURISM MANAGEMENT 3
SBAJ501|D1|22,ECOTOURISM MANAGEMENT III
CMNA101|I1|22,ELECTRICAL MACHINES I
INFM201|D1|22,EMERGENCY MEDICAL CARE PRACTICAL I
NAAR402|D1|22,ECONOMICS
APSM801|D1|22,EMERGENCY MEDICAL CARE THEORY I
ADPB301|D1|22,ENVIRONMENTAL MANAGEMENT FOR TOURISM
CSMD802|D1|22,ENGINEERING MATHEMATICS 1B
ACLA802|D1|22,ENGINEERING MATHEMATICS 1B
PATT201|D1|22,ENGINEERING MATHEMATICS IIB
IRLP401|D1|22,ENGINEERING MATHEMATICS IIB
MACB301|D1|22,ENGINEERING CHEMISTRY 1B
INAD121|D1|22,ECONOMICS I (MODULE 2)
CEFB101|D1|22,ENVIRONMENTAL ENGINEERING
BSMB101|D1|22,ENGLISH FIRST ADDITION 102
FIAC302|D1|22,ENGLISH FIRST ADDITION II
DPRP502|D1|22,ENGLISH FIRST ADDITION 302
MDRC201|D1|22,ENGLISH FOR THE ARTS
PSCS101|D1|22,ENGLISH 202
CMLW221|D1|22,ENGLISH HOME LANGUAGE 1
WKPP101|D1|22,ENGLISH FIRST ADDITION II
RDVP101|D1|22,ENGLISH HOME LANGUAGE 302
PSCA101|I1|22,ENGINEERING MATHEMATICS 1A
MRSN201|D1|22,ENGINEERING MATHEMATICS 1B
TSST101|D1|22,ENGINEERING MANAGEMENT
FYSE|22,ENVIRONMENTAL POLLUTION III
MANA101|D1|22,ENTREPRENEUSHIP 2B
MAFA102|D1|22,ENTREPRENEURIAL SPIRIT
ESBM201|D1|22,ENGINEERING SURVEYING II
IMTG321|D1|22,ENTREPRENEURSHIP
TFMP202|P1|22,ENTREPRENEURSHIP
PRNM201|P1|22,ENTREPRENEURIAL SPIRIT
EMTB201|D1|22,ENVIRONMENTAL MANAGEMENTS
BRDM201|D1|22,ENVIRONMENTAL MANAGEMENT 2B
ECDS301|D1|22,ENVIRONMENTAL ENGINEERING
METE102|I1|22,EPIDEMIOLOGY I
HOMB402|D1|22,EPIDEMIOLOGY II
ADFM701|D3|22,ENGINEERING PHYSICS 1B
WERP301|D1|22,EPIDEMIOLOGY:  PUBLIC HEALTH
TOEP302|P1|22,ENTREPRENEURIAL STUDIES I
POPR201|D1|22,ELECTRICAL PROTECTION
FCNS201|D1|22,ECOTOURISM ENTREPRENEURSHIP
PPDV401|D1|22,EQUALITY AND DIVERSITY
TAXB201|D1|22,EQUALITY AND DIVERSITY
CADD102|D1|22,EQUALITY AND DIVERSITY
BCHS201|D1|22,EMERGENCY EMERGENCY MEDICAL CARE PRACTICAL IIB
NMPC401|D1|22,EMERGENCY EMERGENCY MEDICAL CARE PRACTICAL IIIB
RPRO402|D1|22,EMERGENCY EMERGENCY MEDICAL CARE PRACTICAL IVB
SWPP101|I1|22,EMERGENCY MEDICAL CARE IIB
ENHL302|I1|22,EMERGENCY MEDICAL CARE IIIB
MDWF202|I1|22,EMERGENCY MEDICAL CARE IVB
KNMA401|D1|22,ENTREPRENEURSHIP AND SMALL BUS  MAN 2B
LWLF101|P1|22,ESTATES TAXATION 4
PJMM201|D1|22,ESTATE PLANNING 5
RPRO101|D1|22,ETHICS AND MEDICAL LAW
THIA201|D1|22,ENTREPRENEURSHIP
ECNM101|D1|22,ENTREPRENEURSHIP
ALAG401|D3|22,ENVIRONMENTAL AWARENESS FOR HEATH CARE PRACTITIONERS
ACGL802|D3|22,EVENT MANAGEMENT
NUTI302|D1|22,ENVIRONMENTAL ENGINEERING
ACPR322|D1|22,ENVIRONMENTAL ENGINEERING
LPRA302|D1|22,EVENT MANAGEMENT
LGPL101|D1|22,EVENT MANAGEMENT
ACCH301|D1|22,EVENT MANAGEMENT
MCHM201|D1|22,ENVIRONMENTAL MANAGEMENT & TECHNIQUES 202
SSCM802|D3|22,ENVIRONMENTAL SUSTAINABILITY IIB
RTSC101|D1|22,ENVIRONMENTAL SCIENCE
EDTC102|I1|22,ENGINEERING WORK SYSTEMS I
PRGE802|D1|22,ENGINEERING WORK SYSTEMS III
APHS102|D1|22,EXERCISE PHYSIOLOGY 1
IECN101|P1|22,EXERCISE PHYSIOLOGY 2
APRC201|P1|22,FOOD AND BEVERAGE STUDIES 201
FACB301|D1|22,FINANCIAL ACCOUNTING I B
OPEN101|D3|22,FINANCIAL ACCOUNTING I B
DPPB201|D1|22,FINANCIAL ACCOUNTING 2B
MMED302|D1|11,FINANCIAL ACCOUNTING 2B
MYCL101|D1|22,FINANCIAL ACCOUNTING 3B
RSPJ802|D1|22,FINANCIAL ACCOUNTING III B
TSCI302|I1|22,FINANCIAL ACCOUNTING I (MODULE 2)
FYSE101|I1|CIVIL,FINANCIAL ACCOUNTING II (MODULE 1)
ADAD702|D3|22,FINANCIAL ACCOUNTING II (MODULE 2)
BSFD101|D1|22,FINANCIAL ACCOUNTING III (MODULE 2)
MDRC101|D1|22,FINANCIAL ACCOUNTING FOR ENGINEERS
PRMA301|D1|22,FOOD AND NUTRITION PRACTICE 2
PLSB201|D1|22,FOOD AND NUTRITION
ORGM302|D1|22,FASHION TECHNOLOGY
IHST101|D1|22,FILM AND VIDEO APPRECIATION 2
CGBE101|D3|22,FILM AND VIDEO APPRECIATION 3
ITPC101|P1|22,FINANCIAL ACCOUNTING 2B
PRCE101|D1|22,FINANCIAL ACCOUNTING IB
TRTD101|D1|22,FINANCIAL ACCOUNTING 2B
ENEN802|D1|22,FINANCIAL ACCOUNTING III B
BPRM321|D1|22,FOOD CHEMISTRY II
SCCS201|D1|22,FACILITIES MANAGEMENT
HRPR101|P1|22,FUNDAMENTALS OF CONTROL SYSTEMS II
AEVM401|P1|22,FINANCIAL ACCOUNTING IB
THFL101|D1|22,FINANCIAL ACCOUNTING II MODULE II
CACC221|P1|22,FINANCIAL ACCOUNTING III MODULE II
LDSH101|D1|22,FOOD BIOTECHNOLOGY
ACTB101|D1|22,FOOD LEGISLATION
ICMS101|D1|22,FUNDAMENTALS OF RESEARCH
RPAU802|D1|22,FUNDAMENTALS OF RESEARCH
SAQM301|D1|22,FOOD PROCESS ENGINEERING II
ASTM802|P1|22,FOOD QUALITY ASSURANCE I
PAMA101|D1|22,FINANCE FOR MANAGERS
REME401|P1|21,FIELD GUIDING
HULT802|D1|22,FOOD HYGIENE II
RSLP802|D1|22,FOOD HYGIENE III
WIAM101|E1|22,FINANCIAL ACCOUNTING 102
ADCY402|D1|22,FINANCIAL ACCOUNTING 202
SKDB101|D1|22,FINANCIAL ACCOUNTING 302
MIPJ101|D1|22,FINANCIAL ACCOUNTING IB
BISP302|I1|22,FINANCIAL ACCOUNTING IIB
DFBS101|I1|22,FINANCIAL MANAGEMENT II
CYCP102|D1|22,FINANCIAL LITERACY
INAU202|D1|22,FINANCIAL MANAGEMENT 4B
ROMB301|D1|22,FIRE402 FINANCIAL REPORTING 4B
FIAC102|D1|22,FINANCIAL REPORTING 4B
DADB101|D1|22,FINANCIAL REPORTING 4B
LWCP201|D1|22,FOOD MICROBIOLOGY III
BSPH101|D1|22,FINANCIAL MANAGEMENT
INCM802|D3|22,FINANCIAL MANAGEMENT 2 AUGMENTED
DGEB101|D1|22,FUNDAMENTALS OF RESEARCH
TAOW401|D1|22,FINANCE FOR NON-FINANCIAL MANAGERS
PHBB101|D1|22,FINANCIAL LITERACY
PRJO302|D1|22,FINANCIAL LITERACY
QMNS101|D1|22,FINANCIAL MANAGEMENT IV (MODULE 2)
SPAT102|D1|22,FOOD AND NUTRITION PROJECT MANAGEMENT
DRIL101|D1|22,FOOD AND NUTRITION RESEARCH PROJECT
PRJO202|D1|22,FOOD AND NUTRITION TRAINING
CLTP101|D1|22,FUNDAMENTALS OF NETWORKS II
EAML202|I1|22,FUNDAMENTALS OF ORGANISATIONAL BEHAVIOUR
GEPA201|D1|22,APPLICATIONS IN FOOD BIOTECHNOLOGY
APDB101|D1|22,FRONT OFFICE OPERATIONS
QAFE802|D1|22,FOOD AND FOOD SCIENCE
ACPR312|D1|22,FUNDAMENTALS OF ORGANISATIONAL BEHAVIOUR
CMAC221|P1|22,FOOD TOXICOLOGY
RCPY101|D1|22,FOOD PROCESS ENGINEERING
PRTE102|D1|22,FINAL PROJECT AND PORTFOLIO
YSTH301|D1|22,FOOD PRODUCTION AND SERVICE OPERATIONS IB
ELTA101|D1|22,FOOD PRODUCTION AND SERVICE OPERATIONS
GVST321|D1|22,FOOD PRODUCTION SERVICE OPERATIONS 3A
PJEM201|D1|22,FOOD QUALITY ASSURANCE
APFM101|D1|22,INTRODUCTION TO FRENCH
ERPB201|D1|22,FRENCH II
INSD201|I1|22,FRENCH 402
RFEB301|D1|22,FOOD RETAIL OPERATION 1
FACN211|P1|21,FOOD: SCIENCE AND PRACTICE IB
AFLX202|D1|22,FOOD:SCIENCE AND PRACTICE 2B
ISYD101|D1|22,FOOD: SCIENCE AND PRACTICE 3B
OEFC201|D3|22,FOOD SCIENCE AND TECHNOLOGY II
EPRN101|D1|22,FOOD SAFETY AND TOXICOLOG
SCRP302|D1|22,FUNDAMENTALS OF BUSINESS ADMINISTRATION
SAMA301|D1|22,FUNDAMENTAL NURSING SCIENCE IB
PYSB101|D1|22,FUNDAMENTALS OF WRITING FOR MEDIA
RESC301|D1|22,FIRST YEAR STUDENT EXPERIENCE
BULA501|D1|22,FIRST YEAR STUDENT EXPERIENCE
ADNB101|D1|22,FIRST YEAR STUDENT EXPERIENCE
PROP401|P1|22,FIRST YEAR STUDENT EXPERIENCE - CIVIL
ANLE101|D1|22,FIRST YEAR STUDENT EXPERIENCE - EDUC SEM 2
BHVM401|D1|22,GARMENT DESIGN AND DEVELOPMENT I
TETP201|D1|22,GARMENT DESIGN AND DEVELOPMENT II
SASL102|D1|22,GLOBAL ENVIRONMENTAL ISSUES
TAXA221|P1|22,THE GLOBAL ENVIRONMENT
APRO401|D3|22,THE GLOBAL ENVIRONMENT
SUHO402|D1|22,GEOTECHNICAL ENGINEERING IIB
HRTA301|D1|22,GENERAL PATHOLOGY
LIPB301|D1|22,GEOGRAPHIC INFORMATION SYSTEMS I
ENPL301|D1|22,GEOGRAPHIC INFORMATION SYSTEMS IV
ADFM701|D1|22,GLOBALISATION & INT TRADE LAW
CRPP302|D1|22,GLOBAL BUSINESS ENVIRONMENT
QUDO202|I1|22,THE GLOBAL ENVIRONMENT
PRJB301|D1|22,GLOBAL & PROFESSIONAL PRACTICE
SPRP301|D1|22,GEOMATICS IB
RPDV101|D1|22,GUIDING IN THE NATURAL ENVIRONMENT
LGTM101|P1|22,GENERAL NURSING SCIENCE IIB
BCIL101|P1|22,GENERAL PATHOLOGY
DVLP101|D1|22,GENERAL PATHOLOGY IA
EDRD101|D1|22,GROSS ANATOMY MODULE B
EMTB202|D1|22,GRAPHICS 3
INDE802|D1|22,GREEN ENGINEERING
ESTA401|D1|22,GRAPHICS III
RASS101|D1|22,GRAPHIC TECHNIQUES & TECHNOLOGY I
TCHL101|D1|22,GOVERNMENT RELATIONS IV
UPTP101|D1|22,GRAPHIC VISUALISATION & TECH II (PART 2)
ECTM101|P1|11,GRAPHIC VISUALISATION & TECH 302
LWLF101|D3|22,HIV AND COMMUNICABLE DISEASES IN KZN
ACAQULI|D6|11,HUMAN COMPUTER INTERACTION
SCPS201|D1|22,HEALTHCARE MANAGEMENT PRACTISE I
TWBL201|D1|22,HUMAN COMPUTER INTERACTION III
SRSC101|D1|22,HUMAN DEVELOPMENT IA
PCSC101|D1|22,HUMAN DEVELOPMENT IIB
CPRO101|I1|22,HUMAN DEVELOPMENT IIIB
APRM401|P1|22,HUMAN DEVELOPMENT IVB
ADQT802|D1|22,HOSPITALITY FINANCIAL MANAGEMENT 101
CAIS102|D1|22,HOSPITALITY FINANCIAL MANAGEMENT III
FFMN201|D1|22,HOSPITALITY INDUSTRY LAW
CADA201|D1|22,HEALTH INFORMATION MANAGEMENT
JWMB101|D1|22,CLIN LAB PRAC II:  HISTOPATHOLOGY IIB
POPR301|D1|22,HISTOLOGY
IMAC101|D3|22,HIV & COMMUNICABLE DISEASED IN KZN
DFTM101|I1|22,HORTICULTURAL AND LANDSCAPE OPERATIONS I
PLDS221|D1|22,HOMOEOPATHIC PHARMACY
EVSB201|D1|22,HUMAN RESOURCE MANAGEMENT I
OHSF201|D1|22,HUMAN RESOURCE MANAGEMENT II
NMPA101|D1|22,HAEMATOLOGY I
TPFM101|D3|22,HOSPITALITY FINANCIAL MANAGEMENT
LBTM101|D1|22,HOSPITALITY INNOVATIONS
PRPR401|D1|22,HOSPITALITY MANAGEMENT 301
ADFM402|D3|22,HORTICULTURAL OPERATIONS MANAGEMENT 4B
BRMD101|D1|22,HORTICULTURE RESEARCH PROJECT
CYCW101|D1|22,HOSPITALITY WORKPLACE PRACTICE
PBLF301|P3|22,HISTORY OF PHOTOGRAPHY  IB
BRPN802|P1|22,HISTORY OF PHOTOGRAPHY IIB
PAMA201|D1|22,HISTOPATHOLOGY I
LGTS201|D1|22,HUMAN RESOURCE MANAGEMENT I
EVMP202|P1|22,HUMAN RESOURCE MANAGEMENT II
NENS301|D1|22,HUMAN RESOURCES MAN PRESENTATION
CLDV101|D1|22,HUMAN RESOURCES MAN PRESENTATION
CLPA501|D1|22,HUMAN RESOURCES MGT PRESENTATION
DGNT331|D1|22,HORTICULTURE IIIA
CLAW101|P1|22,HORTICULTURE IB
2DSB101|D1|22,HORTICULTURE IIB
CSTN101|I1|22,HEALTH SCIENCE RESEARCH I
ACCN102|I1|22,HEALTH SCIENCE RESEARCH II
MVSL101|D1|22,HEALTH SCIENCE RESEARCH IIIB
MYAT311|D1|22,HISTOLOGY
ICTI101|P1|22,HISTORY AND THEORY OF DESIGN IIIB
FNDR101|D1|22,HISTORY AND THEORY OF DESIGN I
GLPP402|D1|22,HUMAN ENVRIONMENT NEEDS 101
FQUA101|D1|22,HUMAN LANGUAGE TECHNOLOGY
MYCL201|D1|22,HIV AND COMMUNICABLE DISEASES IN KZN
PJMA201|P1|22,HIGH VOLTAGE SYSTEMS
CIVM101|I1|22,HYGEINE AND SAFETY
INTR202|D1|22,INTRODUCTION TO APPLIED SCIENCES
ATHB101|D1|22,INTERNAL AUDITING 5B
EQDV101|D1|22,INTERPERSONAL COMMUNICATION AND SELF
PHCH802|D1|22,INTRODUCTION TO CONSTRUCTION MATERIALS
VCDS121|D1|22,INTRODUCTION TO MACROECONOMICS AUGMENTED
CNTB301|D1|22,INNOVATION AND CREATIVE THINKING
CCMA512|D1|22,INFORMATION AND COMMUNICATIONS TECHNOLOGY IIB
HTDS101|D1|22,INFORMATION AND COMMUNICATIONS TECHNOLOGY IIIB
ALPR101 |D1|22,INFORMATION AND COMMUNICATIONS TECHNOLOGY I
ASWL101|D1|22,ICT INNOVATION
FYSE101|I1|EDUC,INFO & COMM TECH LIT & SKILLS
RSJS101|D1|22,INDUSTRIAL ENGINEERING DISSERTATION
ADLG401|P1|22,INDUSTRIAL DESIGN II
CNPB304|I1|22,INDUSTRIAL STUDIES
EDVL301|P1|11,INTRO TO ENGINEERING & THE BUILT ENVIRON
AMOE401|D3|22,INTRODUCTION TO ECONOMICS
WKPR101|P1|22,INTRODUCTION TO ECONOMICS
NMRM101|D1|22,INTRODUCTION TO ENVIRONMENTAL MANAGEMENT
PRMM101|D3|22,ISSUES OF GENDER & SOCIETY WITHIN HEALTH CARE
DFLS101|I1|22,INTEGRATED HUMAN STUDIES
SMTB201|D1|22,INTRODUCTION TO HUMAN RESOURCES
BSNL201|D1|22,IT LOGIC AND TECHNOLOGY IB
BSST202|I1|22,IT LOGIC AND TECHNOLOGY 2B
FCAA223|P1|22,ILLUMINATION
FOBI702|D1|22,INTRODUCTION TO MACRO ECONOMICS
SYSP321|D1|22,INTRODUCTION TO MACRO ECONOMICS
IMTN121|P1|22,INTRODUCTION TO MACRO-ECONOMICS
INME102|D1|22,INNOVATION MANAGEMENT AND ENTREPRENEURSHIP
CLPR301|D1|22,IMMUNOLOGY
PROE301|D1|22,INFORMATION MAN & TECHNOLOGY IB
SDRM802|D3|22,INFORMATION MAN & TECHNOLOGY IIB
FDLG102|D1|22,INFORMATION MAN & TECHNOLOGY IIIB
DGTE101|D1|22,INFORMATION MAN & TECHNOLOGY I (MOD 1)
TEMA202|I1|22,INFORMATION MAN & TECHNOLOGY II (MOD 2)
TMSM101|D1|22,INFORMATION MAN & TECHNOLOGY III (MOD 2)
ACLB101|D1|22,INTERNAL AUDITING 1A
BUIN101|D1|22,INTERNAL AUDITING 1B
PPDV301|D1|22,INTERNAL AUDITING II MODULE II
CRMP102|P1|22,INTERNAL AUDITING III MODULE II
ENGA102|D1|22,INFORMATION ASSURANCE AND
SMTR802|D1|22,INTERNAL AUDITING 101
RPCR511|D1|22,INTERNAL AUDITING 102
BIOP101|D1|22,INTERNAL AUDITING 201
PMAD101|D1|22,INTERNAL AUDITING 202
CLPB401|D1|22,INTERNAL AUDITING 4B
BRPL802|D3|22,INNOVATION & CHANGE MANAGEMENT
BSMN301|I1|11,INTERION DESIGN 101
ADRE402|P1|22,INTERIOR DESIGN 202
MTTB102|D1|22,INTERIOR DESIGN 302
STIE802|D1|22,INTERIOR DESIGN
SCLB101|D1|22,INDUSTRIAL LAW
CNLP101|D1|22,INDUSTRY MANAGEMENT
PRTE202|D1|22,INTERPRETATION OF DOCUMENTS 1B
APDM101|P1|22,INNOVATION AND EMERGING TECHNOLOGIES
ECTB301|P1|11,INFORMATION MANAGEMENT II
FDQA101|D1|22,INFORMATION SYSTEMS AUDITING 4
CBSP102|P1|22,INFORMATION TECHNOLOGY 5B
CCHB301|D1|22,INTRODUCTION TO LABOUR RELATIONS
WEPP401|D1|22,BIOTECHNOLOGY INDUSTRIAL MANAGEMENT
IMTG221|D1|22,INFORMATION MANAGEMENT IIB
QLTE101|D1|22,INTRODUCTION TO MACRO ECONOMICS
TXSB301|D1|22,INFORMATION MANAGEMENT II
MTHL301|I1|11,INORGANIC CHEMISTRY IV
BHVM201|D1|22,INTRODUCTORY PHARMACOLOGY
CHCP301|D1|22,INTRO TO STRUCTURAL DESIGN
ITCH101|D1|22,INTRODUCTION TO SIGN LANGUAGE
PSCB101|I1|22,INTRODUCTION TO SIGN LANGUAGE
NMIS201|D1|22,INFORMATION SYSTEMS I
WKSM101|D3|22,INTERNATIONAL TAXATION 4
RNES101|D1|22,INTERNATIONAL CONSTRUCTION
PROM101|D1|22,INTRODUCTION TO TRAINING AND DEVELOPMENT
LGSM101|D1|22,INFORMATION TECHNOLOGY 5B
ISYT202|I1|22,INTRODUCTION TO FINANCIAL ACCOUNTING
DFEG101|I1|22,INTRODUCTION TO MANAGEMENT ACCOUNTING
PPJM201|D1|22,INTERPRETING 202
TXON101|P1|22,INTRODUCTION TO TAXATION
RPJN402|D1|22,INTEGRATED PEST & DISEASE MANAGEMENT IIB
WKPR101|D1|22,INTRO TO PROP DEVELOP
JTPB101|D1|22,INTEGRATED PRIMARYHEALTH CARE
QTAP101|D1|22,INTRODUCTION TO PRINCIPLES OF LAW II
CLWA221|P1|22,INTEGRATED PATHOPHYSIOLOGY MOD B
STPL401|D3|22,INTERNATIONA PERSPECTIVE AND PRACTICE OF
CCAC102|D1|22,INTRODUCTION TO RESEARCH
MCPB201|D1|22,INTRODUCTION TO SHIPPING
MAND402|D1|22,INTRODUCTION TO SHIPBOARD OPERATIONS
TSMN101|P1|22,INFORMATION SYSTEMS II B
FANP202|D1|22,INFORMATION SYSTEMS III B
RESP201|D1|22,INFORMATION SYSTEM DESIGN
DPRS201|D1|22,INFORMATION SYSTEMS IIA
CACB201|D3|22,INFORMATION SYSTEMS IIIB
ECTF201|P1|21,INTRODUCTION TO TECHNOPRENEURSHIP
FUWM101|P1|22,INSTR & TECH FOR CLIN TECH I
ADLL401|D1|22,INFORMATION TECHNOLOGY 102
APEM401|P1|22,INFORMATION TECHNOLOGY 202
GEOT201|D1|22,INFORMATION TECHNOLOGY 302
CQIM802|D3|22,ICT INNOVATION
RTBY201|D1|22,ICT INNOVATION
3DSB101|D1|22,INTRODUCTION TO LABOUR RELATIONS
ACCN202|I1|22,INTRODUCTION TO MACRO-ECONOMICS
BCTY301|D1|22,INTRODUCTION TO PUBLIC RELATIONS & COMM
PMAN301|D1|22,IT PROJECT MANAGEMENT
BSFD201|D1|22,IT PROJECT MANAGEMENT
UPPC101|D1|22,INTERNATIONAL TRADE LAW
MESY101|D1|22,INTRODUCTION TO TRAINING & DEVELOPMENT
ACEC301|D1|22,INNOVATION AND CHANGE MANAGEMENT
EPDE201|D1|22,INTRODUCTION TO WATER ENGINEERING A
WPTH101|D1|22,INTRO TO WATER ENGINEERING B
CLAS101|D1|22,ISIZULU FOR HEALTH CARE PROFESSIONALS
SHRD802|D3|22,INTRODUCTION TO ISIZULU
AICC401|D1|22,JEWELLERY DESIGN AND DRAWING IB
SDVL101|I1|22,JEWELLERY DESIGN AND DRAWING IIB
HSRS301|D1|22,JEWELLERY DESIGN AND DRAWING IIB
CGBE402|D3|22,JEWELLERY DESIGN AND MANUFACTURE
ENMA102|D1|22,JOURNALISM PRACTICE 3B
PRMA402|P1|22,JOURNALISM RESEARCH PROJECT
PJMT301|D1|22,JEWELLERY THEORY AND PRACTICE IB
ELEP201|D1|22,JEWELLERY THEORY AND PRACTICE IIB
CPMS202|I1|22,JEWELLERY THEORY AND PRACTICE IIIB
PCTX201|D1|22,JEWELLERY THEORY AND PRACTICE4B
TPFM101|D1|22,JEWELLERY MANUFACTURE IA
TRTO101|D1|22,JEWELLERY MANUFACTURE IIB
UTEP101|D1|22,JEWELLERY MANUFACTURE IIIB
RESM402|P1|22,KNOWLEDGE MANAGEMENT
TSCI102|I1|22,KWA-ZULU NATAL'S MARITIME HERITAGE
MEDS401|D1|22,LABOUR RELATIONS I
CLPR301|D1|21,LABOUR RELATIONS 1
PRMA401|D1|22,LABOUR RELATIONS 1
SBDE401|D1|22,LABORATORY MANAGEMENT
MATC101|D1|22,LEADERSHIP
AMCC802|D1|22,LEGAL PRACTICE I
ADME401|P1|22,LEGAL KNOWLEDGE
ACRP802|D1|22,LEADERSHIP & SYSTEMS THINKING MANAGEMENT
ASSD101|D1|22,LIFE SCIENCE 102
APMC402|D1|22,LIFE SCIENCE 202
FSCP202|D1|22,LIFE SCIENCES 302
PWRS101|D1|22,LEGAL PRACTICE I
FABS201|D1|22,LOCAL GOVERNMENT MANAGEMENT II
TAXA302|D1|22,LEGISLATION AND POLICY I
GDSD101|D1|22,LOGISTICS MANAGEMENT I
RNET801|D1|22,LOGISTICS MANAGEMENT I
ADLL401|D3|22,LOGISTICS II
PMTG101|D1|22,LIBRARY AND INFORMATION PRACTICE IIIB
PDIP301|D1|22,LABOUR & INDUSTRIAL RELATIONS
FYSE|P1|22,LIBRARY MARKETING & PROMOTION
LPPB101|D1|22,LANGUAGE PLANNING AND MANAGEMENT
GRTT121|D1|22,LIBRARY AND INFORMATION PROF PRAC IB
APCO301|D1|22,LIBRARY AND INFORMATION PROF PRAC IIB
IMAE101|P1|22,LEGAL PRINCIPLES II
OPEN101|D1|22,LANGUAGE PRACTICE 302
CMLW101|D1|22,LOGISTICS AND SUPPLY CHAIN MANAGEMENT
EXPH101|D1|22,LIFE SKILLS 1
PPDV201|D1|22,LIFE SKILLS II
BURR802|P1|22,LEADERSHIP AND SYSTEMS TH
QDCB101|D1|22,LAW OF CONSUMER PROTECTION
SCHM101|D1|22,LAW FOR LIFE
TRMP202|P1|22,LAW FOR LIFE
APDP201|D1|22,LAW FOR LIFE
HISB201|D1|22,LAW FOR LIFE
SMSE201|D1|22,MANAGEMENT ACCOUNTING 4B
ORIB301|D1|22,MANAGEMENT ACCOUNTING 4B
RAMS802|D1|22,MANAGERIAL ACCOUNTING AND FINANCE  MODULE II
BUMA102|D1|22,MANAGEMENT ACCOUNTING & FINANCE 4B
VWKP101|P1|22,MANAGEMENT ACCOUNTING IIIB
INDM101|D1|22,MANAGEMENT ACCOUNTING IIIB
HPHB101|D1|22,MANAGEMENT ACCOUNTING III (MODULE 2
RAJO302|D1|22,MANAGERIAL ACCOUNTING & FINANCE AUGMENTED
ANLB101|D1|22,MANAGERIAL ACCOUNTING & FINANCE AUGMENTED
PJCM101|P1|22,MACHINE INTELLIGENCE 3
EGLA101|D1|22,MATERIA MEDICA V
SCRB201|D1|22,MANAGEMENT 101
ENSP101|D1|22,MANAGEMENT ACCOUNTING IIIB
ACTB201|D1|22,MANDARIN
HVCD101|I1|22,INTRODUCTION TO MANDARIN
COME102|I1|22,MEDICAL & SURGICAL NURSING 1B
STPD101|D1|22,MATHEMATICS I
MLIT302|I1|22,MICROBIOLOGY I
THSB301|D1|22,MICROBIAL HYGIENE
MTSP102|I1|22,MANAGEMENT ACCOUNTING III B
WBPJ201|D1|22,MANAGEMENT ACCOUNTING 3B
CNTB101|D1|22,MICRO ECONOMICS
HUEN101|D1|22,MACHINE INTELLIGENT III
DEVP102|I1|22,MECHANICS OF MACHINES I
TAXT202|D1|22,MECHANICS OF MACHINES I
CLRT301|D1|22,MECHANICS OF MACHINES II
PBSP102|P1|22,MOLECULAR BIOLOGY III
AFLX102|D1|22,MOLECULAR BIOLOGY III
STDV102|P1|22,MATHEMATICS FOR COMPUTING IB
23DS301|D1|22,MOBILE COMPUTING 11B
FAVA201|D1|22,COMMUNITY ENGAGEMENT PROJ
CAED101|D1|22,EMBEDDED SYSTEMS IIIA
PFRD301|D1|22,MEDICAL MICROBIOLOGY IIA
HLOA301|D1|22,MEDICAL RESCUE IC
PMPL101|D1|22,MEDICAL RESCUE IIC
SYSF101|D1|22,MEDICAL RESCUE IIIC
TEMA102|I1|22,MEDICAL RESCUE IIB
EGMB101|D1|22,MEDICAL RESCUE IIID
PREN802|D1|22,INTRODUCTION TO MANDARIN
PRST402|I1|22,MIDWIFERY II
CLEO101|D1|22,MEDIA STUDIES
CCTX101|D1|22,MEDIA ETHICS
CTQB101|D1|22,MARINE ENGINEERING KNOWLEDGE
BGEP101|D1|22,MARINE ENVIRONMENTAL LAW
UNIP102|D1|22,MARINE NEVIRONMENTAL MANAGEMENT
APEO401|D3|22,MEDIA STUDIES 2
TRSM201|D1|22,MARINE ENGINEERING SYSTEM
TAXT221|D1|22,MECHANICAL TECHNOLOGY I02
BCIN101|D3|22,MECHANICAL TECHNOLOGY II
CCLW201|P1|22,MECHANICAL TECHNOLOGY 301
DPPB101|D1|22,MONITORY AND EVALUATION III
GMTB101|D1|22,MATHEMATICS FOR THE BUILD ENVIRO. 1B
COHO802|D1|22,MANAGEMENT II
SPHM401|D3|22,MANAGEMENT PRACTICE
METE302|I1|22,MENTAL HEALTH NURSING III
CTQB301|D1|22,MICROBIOLOGY II
ITEC302|I1|22,MICRO ECONOMICS
PCOH101|D1|22,MAJOR INTEGRATED PROJECT
NTRT101|D1|22,MANAGERIAL INFORMATION SYSTEMS
MCCB301|P1|22,MARKETING COMMUNICATIONS A
JTPB301|D1|22,MARKETING COMMUNICATIONS B
CVMT101|D1|22,MARKETING ENVIRONMENT
ZUFL302|I1|22,MARKETING METRICS
ADCT401|D1|22,MATHEMATICAL LITERACY
IWEA201|I1|22,MATHEMATICAL LITERACY
PRCO401|D1|22,MATHEMATICAL LITERACY 302
STPB201|D1|22,MATHEMATICS I
MDRD301|D1|22,MATERIA MEDICA I
MOLB101|D1|22,MATERIA MEDICA IIB
ACMS301|D1|22,MATERIA MEDICA III
IMLG101|D1|22,MATERIA MEDICA IV
HSRS101|D1|22,MEDIA MANAGEMENT 401
ICRT101|P1|22,MATHEMATICS A
IASC101|D1|22,MATHEMATICS B
SYSP311|D1|21,MATHEMATICS C
THST401|D1|22,MANAGERIAL ACCOUNTING AND FINANCE  MODULE II
ENMA101|D1|21,MANUFACTURING ENGINEERING I
ANPB102|D1|22,MANAGEMENT II
ECMS102|I1|22,MANAGEMENT II
PHHC121|D1|22,MOLECULAR BIOLOGY III
CLINIC OBS PROGRAMME,MOLECULAR BIOLOGY III
FINL101|P1|22,MAN PRINCIPLE OF ANATOMY & PHYSIOLOGY
STEM802|D1|22,MARKETING PLANNING
APRH101|D1|22,MAP PROJECTIONS AND CO-ORDINATE SYS II
CLCP301|D1|22,MARKETING AND RETAIL FINANCIAL MANAGEMENT
CPPR321|D1|22,MARINE MATHEMATICS 1
AUDN301|P1|22,MARINE SCIENCE II
PJMA101|P1|22,MARKET SEGREGATION
VWKP101|D3|22,MANAGE THE STRATEGIC MARKETING PROCESS
CRSP101|D1|22,MARINE SURVEYING
ENVM202|I1|22,MATHEMATICS FOR THE BUILT ENVIRONMENT I
PSCR101|D1|22,MECHANICAL TECHNOLOGY II
FNLT101|D1|22,MATHEMATICAL LITERACY III
RPBI702|D1|22,MATHEMATICS LITERACY
ASMK802|D1|22,MATHEMATICS III
PMNT101|D1|22,MATERIALS 1B
STAL802|D1|22,MATHEMATICS
DIJO202|D1|22,MATHEMATICS II
MEST201|D1|22,MATHEMATICS 302
SPPY301|D1|22,MATHEMATICS A
DSPA802|D1|22,MATHEMATICS B
TFMG101|D1|22,MEDIA AND VISUAL LITERACY
CLPR201|D1|22,MEDIA AND VISUAL LITERACY
ADAD702|D1|22,ME  MY WORLD  MY UNIVERSE
AUDB201|D1|22,ME  MY WORLD  MY UNIVERSE
AAPB101|D1|22,MYOFASCIAL & ADJUNCTIVE 1
BCIF101|D3|22,MYCOLOGY
STBH301|D1|22,MYCOLOGY
ICTB201|D1|22,NAVAL ARCHITECTURE 2
CLHO502|D1|22,NATURAL & CULTURAL RESOURCES MGT
HINL101|D1|22,NAVIGATION-ELECTRONIC NAVIGATION SYSTEMS 1
CVTC201|I1|11,NAVIGATION ELECTRONIC NAVIGATION SYSTEMS
PTCT101|D1|22,NAVIGATION-ELECTRONIC NAVIGATION SYSTEMS 3
BSPM121|P1|22,INTRODUCTION TO RESEARCH
CNPB203|I1|22,NAVIGATION - METEOROLOGY & ENVIRONMENT MANAGEMENT 2
PRTA202|D1|22,NUCLEAR MED IMAGING SCIENCE I
TEJO202|D1|22,NUCLEAR MED IMAGING SCIENCE II
MVLT101|D1|22,NUCLEAR MEDICINE PRAC & PROC IA
PMAN401|D3|22,NUCLEAR MEDICINE PRAC & PROC IB
MNGM201|D1|22,NUCLEAR MEDICINE PRAC & PROC IIB
SLGM802|D3|22,NUCLEAR MEDICINE PRAC & PROC IIIB
JTPB201|D1|22,NUCLEAR MEDICINE PRAC & PROC IVB
APMA401|D1|22,CLINICAL NUCLEAR MEDICINE PRACTICE & PRO
LPAM802|D1|22,NUMERICAL METHODS
ACMN201|D1|22,NAVIGATION-OCEAN & COASTAL NAVIGATION II
CLHR101|D1|22,NAVIGATION-SIMULATION (ECDIS)
FUNS102|D1|22,NAVIGATION-SIMULATION (RADAR & ARPA)
GISY101|D1|22,NURSING RESEARCH IIIB
MAAF402|D1|22,NUTRITION
COMA102|D1|22,NUTRITION I
CEPD402|D1|22,NUTRITION I
PHRS301|P3|22,NUTRITION 2B
SSMT802|D1|22,NUTRITION 3B
MTMC301|I1|11,NUTRITION
GRAN102|D1|22,NAVIGATION-CALCULATIONS 2
CBIO101|D1|22,ORAL ANATOMY AND PATHOLOGY IB
PLSA301|D1|22,ORGANIZATIONAL EFFECTIVENESS II
PHYS121|D1|22,ORGANIZATIONAL EFFECTIVENESS II
ENTR802|D3|22,OCCUPATIONAL HEALTH AND SAFETY II
ITLR101|P1|22,ORGANISATIONAL MANAGEMENT III (MODULE 1)
TAXB201|D3|22,ORGANIC AND PHYISICAL CHEMISTRY I
GVST221|D1|22,OPERATIONS ENTREPRENEURSHIP
PSCI202|I1|22,OPERATIONS ENTREPRENEURSHIP
QMNS101|D3|22,OPERATIONS MANAGEMENT 1
QSDN801|D1|21,OPERATIONS MANAGEMENTS 2A
LBRR101|D3|22,OPERATIONS MANAGEMENT 3B
FSCP302|D1|22,OPERATIONS MANAGEMENT TECHNIQUE VIII
SNGB301|D1|22,OPERATIONS MANAGEMENT II
APDB201|D1|22,OPERATIONS MANAGEMENT II
PPLY201|P1|22,OPERATIONS MANAGEMENT TECHNIQUES II
RPTX801|D1|22,OPERATIONS MANAGEMENT TECHNIQUES II
ENSV201|D1|22,ORGANISATIONAL MANAGEMENT IB
ITIN101|D1|22,ORG & REPRESENTATION OF INFORMATION  IB
SDTI201|D1|22,ORG & REPRESENTATION OF INFORMATION  IIB
DGEA101|D1|22,ORG & REPRESENTATION OF INFORMATION  IIIB
HMPH101|D1|11,ORGANISATIONAL MANAGEMENT 3B
FACB201|D3|22,ORGANISATIONAL & SOCIAL PSYCHOLOGY
HRTB201|D1|22,PRODUCTS AND MATERIALS 101
CEPP202|I1|22,PRODUCTS AND MATERIALS 201
PTCB101|D1|22,PRODUCTS AND MATERIALS 301
ISYB201|D1|22,PULP AND PAPER SCIENCE 1
EGAD202|I1|22,PULP AND PAPER LABORATORY B
CLCP201|D1|22,PULP AND PAPER TECHNOLOGY B
LSCM101|D1|22,PRICE ANALYSIS AND TENDERING IIIB
QDCB301|D1|22,PATTERN MAKING 1B
ACLP401|D1|22,PATTERNMAKING 2
TAUG101|D1|22,PUBLIC FINANCE  MANAGEMENT II
INSS101|D1|22,PUBLIC FINANCEL MANAGEMENT III
FREO101|D1|22,PUBLIC MANAGEMENT AND ADMINISTRATION 1
FCHM202|D1|22,PUBLIC RELATIONS PRACTICE
STTS101|D1|22,PUBLIC SECTOR ECONOMICS
SEDV401|P1|22,PROFESSIONAL BUSINESS PRACTICE
IDES201|D1|22,PRINCIPLES OF COMMERCIAL LAW II
MRNM201|D1|22,PUBLIC AND COMMUNITY HEALTH
ILLM101|D1|22,PRINCIPLES OF MANAGEMENT
BSIT301|D1|22,PROCESS CONTROL SYSTEMS IIIB
TSOP102|D1|22,PROCESS CONTROL
ACCT301|I1|11,PUBLIC RELATIONS CONTEXTS
BSAP101|D1|22,PROFESSIONAL DESIGN INDUSTRY PRACTICE 302
AFLM202|D1|22,PRODUCTION ENGINEERING I
CSTN101|D1|22,PRODUCTION ENGINEERING III
WLNB201|D1|22,PERSONAL AND PROFESSIONAL DEVELOPMENT I
MKMT201|D1|22,PROFESSIONAL DESIGN PRACTICE 201
BANP302|I1|22,PERSONAL AND PROFESSIONAL DEVELOPMENT I
DFML101|I1|22,PERSONAL AND PROFESSIONAL DEVELOPMENT I
FOBE101|D1|22,PUBLIC FINANCE MANAGEMENT
FICC102|D1|22,PUBLIC FINANCIAL MANAGEMENT II
ADSG802|D1|22,PORTFOLIO AND RANGE DEVELOPMENT III
CCLP101|D1|22,PROFESSIONAL PRACTICE II
CHHC103|D1|22,PROFESSIONAL PRACTICE III B
HFIM101|D1|22,CORPORATE GOVERNANCE
ENHL102|I1|22,RESEARCH PROJECT
SBSM101|D1|22,PHYSICS FOR THE BUILT ENVIRONMENT IB
SFEN301|D1|22,PHYSICAL CHEMISTRY V
AERN802|P1|22,PHYSIOLOGY II:  CONTROL SYSTEMS
SMSM101|D1|22,PHYSIOLOGY II:  GENITOURINARY
APMG101|D1|22,PHYSIOLOGY IB
RSTM402|D1|22,PHYSIOLOGY IIB
HOIN301|D1|22,PHYSICS I:  MODULE 2
ADTA222|P1|22,PHYSICS
BMNG201|D3|22,PHYISICS (MODULE 2)
TAXT101|D1|22,PHOTOJOURNALISM IB
ETML101|D1|22,PUBLIC HR MANAGEMENT 3
ADMM201|D1|22,PHYSIOLOGY IB
SCMN201|D1|22,PHYSICAL CHEMISTRY IV
RPTB101|D1|22,PHYICAL PREPAREDNESS II
INDE302|D1|22,PHYSICAL PREPAREDNESS III
STSC101|D1|22,PHYSICAL PREPAREDNESS IV
CMPM201|D1|22,PHYSICS
WHDL201|D1|22,PHYSICS
BSCM802|D1|22,PROJECT MANAGEMENT
FCTN321|D1|22,PROJECT MANAGEMENT I
FNRP802|D1|22,PROJECT MANAGEMENT II
CLPO401|D1|22,PROJECT MANAGEMENT I
ADCS702|D3|22,PROJECT MANAGEMENT II
STMT201|D1|22,PROJECT MANAGEMENT
INAD111|D1|22,PROJECT MANAGEMENT
INDE202|D1|22,PROJECT MANAGEMENT
WIFB201|E1|22,PROJECT MANAGEMENT III
TMSC101|D1|22,PROJECT MANAGEMENT
HREM101|P1|22,PROJECT MANAGEMENT III
DFZU101|I1|22,PROJECT MANAGEMENT
DGIS201|D1|22,PLANNING DESIGN IB
SMTL101|D1|22,PLANNING DESIGN IIB
ADTB201|P1|22,PLANNING DESIGN IIIB
PMAC101|D1|22,PLANT STUDIES IIIA
LGAP101|P1|22,PLANT STUDIES IB
HINM101|D1|22,PLANT STUDIES IIB
BANP202|I1|22,PRINCIPLES OF  MACRO ECONOMICS
OPRM201|D1|22,PUBLIC MANAGEMENT AND ADMINISTRATION
INAD321|D1|22,PROJECT MANAGEMENT
CMNA202|I1|22,PROJECT MANAGEMENT
FACN221|P1|22,PRODUCTS AND MATERIALS
PWSE802|D1|22,PRINCIPLES OF MANAGEMENT
BIMB101|D1|22,PRINCIPLES OF MANAGEMENT
STME201|I1|22,PRINCIPLES OF MANAGEMENT
CNTW101|D1|22,PUBLIC MANAGEMENT AND PLANNING
DGIS101|D1|22,PRINCIPLES OF MANAGEMENT
IMEP802|D1|22,PERSONNEL MANAGEMENT 2
DGTE102|D1|22,PERSONNEL MANAGEMENT II
ITPM101|D1|22,PROCESS OPTIMISATION AND COMPUTATIONAL
FHYG201|D1|22,POLITICS FOR JOURNALISM
MMED102|D1|11,PRINCIPLES OF ORTHOTICS AND PROSTHETICS I
FHYG301|D1|22,PRINCIPLES OF ORTHOTICS AND PROSTHETICS II
INPH102|I1|22,PRINCIPLES OF ORTHOTICS AND PROSTHETICS III
APMN101|P1|22,PRODUCTION ORGANISATION RESEARCH PROJECT
RPSL101|D1|22,POLYMAR SCIENCE 3
STPM402|D3|22,POLYMER SCIENCE
23DS101|D1|22,PRINCIPLES OF SPORT
PPFV201|I1|22,PROFESSIONAL PRACTICE III
DYWP201|P1|22,PERSONAL AND PROFESSIONAL DEVELOPMENT II
GLBE501|D1|22,PERSONAL AND PROFESSIONAL DEVELOPMENT III
BSMT201|D1|22,PERSONAL AND PROFESSIONAL DEVELOPMENT IV
BAPP102|I1|22,PERSONAL AND PROFESSIONAL DEVELOPMENT V
ANLA101|D1|22,PULP AND PAPER ENGINEERING FUNDAMENTALS
PNLM201|D3|22,PERSONAL AND PROFESSIONAL DEVELOPMENT
STSD301|D1|22,PROFESSIONAL PRACTICE FOR INTERIOR DESIGN
SVDR101|D1|22,PROGRAMME AND PROJECT MANAGEMENT
CPPR421|D1|21,PUBLIC POLICY MANAGEMENT
EMTB101|D1|22,PUBLIC POLICY MANAGEMENT 2
EGDS301|I1|11,PUBLIC SECTOR PEOPLE MANAGEMENT
MEKN402|D1|22,PROFESSIONAL PRACTICE
TXMT101|D1|22,PROF PRAC AND MANAGEMENT I
IVCM802|P1|22,PROF PRAC AND MANAGEMENT III
SOCM201|D1|22,PROPERTY STUDIES II
ABIC301|D1|22,PRINCIPLES OF MACROECONOMICS AUGMENTED
ICTB301|D1|22,PROCESS CONTROL IV
BSST302|I1|22,PUBLIC RELATIONS CONTEXTS
ICTL101|D1|22,PROFESSIONAL DESIGN PRACTICE 402
ITTD101|P1|22,PRODUCT ENGINEERING IV
DGNT221|D1|22,PREN802 PRODUCTION ENGINEERING 4
SVCE201|I1|22,PROGRAMMING FOR ENGINEERS
CNNR101|D1|11,ENGINEERING ETHICS AND PROFESSIONAL SKILLS
SSCN201|D1|22,PRINCIPLES OF MACRO ECONOMICS
YRNT301|D1|22,PROJECT IIIA
STPL401|D1|22,PRINT JOURNALISM IB
CVTE202|I1|22,PRINT JOURNALISM 2B
IZUL101|D1|22,PRINT JOURNALISM 3B
IMTG121|D1|22,PROPERTY LAW & ECONOMICS
BSST102|I1|22,PRINCIPLES OF  MACRO ECONOMICS
CSAB201|P1|22,PROJECT MANAGEMENT
MDRD201|D1|22,PROJECT MANAGEMENT
FOFS401|D1|22,PROJECT MANAGEMENT
BMNG201|D1|22,PROJECT MANAGEMENT
ALWS101 |P1|22,PROJECT MANAGEMENT
ADSM403|P1|22,PERSONNEL MANAGEMENT II
FATE401|D1|22,PRODUCT ENGINEERING 3
BSCS102|P1|22,PROJECT MANAGEMENT
BIFS101|D1|22,PROFESSIONAL PRACTICE
AFLM102|D1|22,PROGRAMME AND PROJECT MANAGEMENT II
COMA802|D1|22,PROFESSIONAL PRACTICE
OPMA302|D1|22,PRINCIPLES OF RESEARCH
BDFD102|D1|22,PROFESSIONAL STUDIES 402
PPRA401|D1|22,PRINCIPLES OF TAX 202
THSB101|D1|22,PRODUCT TECHNOLOGY 1B
FDMR101|P1|22,PRODUCT TECHNOLOGY 2B
BINF101|D1|22,PRODUCT TECHNOLOGY PROJECT
SNGB101|D1|22,PHYSICS A
DESG201|D1|22,PHYSICS A
NUTR201|D1|22,PHYSICS C
FGGH102|P1|22,PHYSICAL SCIENCE 102
ENFL202|I1|22,PHYSICAL SCIENCE 102
CNMB101|D1|22,PHYSICAL SCIENCE 302
ADVC402|D1|22,PLANNING SUSTAINABLE CITIES AND REGIONS
ENPR202|I1|22,PHYSICS I (CHEMISTRY)
MAAF101|D1|22,PUBLIC SECTOR ECONOMICS
PENG301|D1|22,PSYCHOLOGY
RESM401|D1|22,SPORT MAN I:  PRINCIPLES OF SPORT MANAGE
ENCB101|D1|22,PRINCIPLES OF SPORT MARKETING
BIMB201|D1|22,PROCESS SAFETY AND OCCUPATIONAL HEALTH
FACB301|D3|22,PHYSICS B
PSEC101|D1|22,PHYSICS B
TCTH201|D1|22,PHYSIOLOGY IIB
PBSE101|P1|22,PERFOMANCE TECHNIQUES IB
TXTL101|D1|22,PERFOMANCE TECHNIQUES IIB
RFLN201|D1|22,PERFOMANCE TECHNIQUES IIIB
POCA101|D1|22,PARTICLE TECHNOLOGY
SYSP101|D1|22,PHOTOGRAPHIC THEORY 2B
ORMA302|P1|22,PORT AND TERMINAL MANAGEMENT II
TOEN101|D1|22,PHATHOPHYSIOLOGY I
CNTM201|I1|22,PHATHOPHYSIOLOGY II
DILI401|D1|22,PERFOMANCE TECHNIQUES IV B
MAAC402|D3|22,PUBLIC RELATIONS PRACTICE
ECBE101|D1|22,PV AND ENERGY STORAGE SYSTEMS
DGNT141|D1|22,WEB PROJECT
INFT802|D1|22,POWER SYSTEMS I
ADSM402|D3|22,POWER SYSTEM ENGINEERING
UPPB101|D1|22,PSYCHOLOGY
ISYT302|I1|22,PHYSIOLOGY IB
PGCG802|D1|22,PHYSICS MODULE 2
SHLP201|D1|22,QUALITY ASSURANCE FOR ENGINEERS
CTQB201|D1|22,QUALITY AUDITING TECHNIQUES
MARN101|D1|22,QUANTITES AND DOCUMENTATION IB
TOIA202|I1|22,QUANTITES AND DOCUMENTATION IIB
CEMT101|I1|22,QUANTITIES AND DOCUMENTATION IIIB
DEVP302|I1|22,QUALITY ENGINEERING
REAS802|D1|22,QUALITY MANAGEMENT SYSTEMS
ZUHL302|I1|22,QUALITY MANAGEMENT SYSTEMS
NCRH102|P1|22,QUALITY PLANNING AND IMPLEMENTATION VIII
NVCL201|D1|22,QUANTITY SURVEYING DISSERTATION 4A
ALTW101 |D1|22,QUANTITATIVE APPROACHES TO MAN SC
HDVB401|D1|22,QUANTITY & DOCUMENTATION 1B
PRIM101|D1|22,QUANTITIES AND DOCUMENTATION 2B
APOP802|D1|22,QUANTITATIVE TECHNIQUES 1A
COTE202|I1|22,QUANTITATIVE TECHNIQUES
CCLT303|D1|22,QUANTITATIVE TECHNIQUES IA
CTHM101|D1|22,QUANTITATIVE TECHNIQUES IB
RPPA101|D1|22,RADIO JOURNALISM 2B
AFNM101|P1|22,RADIO JOURNALISM 3B
CMEP101|D1|22,RADIO AND MICROWAVE SYSTEMS 4B
PAPT102|D1|22,RISK AND PROJECT MANAGEMENT
CFPN102|D1|22,ROLE OF APPLIED SCIENCE IN SOCIETY
BCLT101|D1|22,RESEARCH PROJECT
CTAD201|I1|22,REGIONAL DEVELOPMENT AND PLANNING
FNTW201|D1|22,RENEWABLE ENERGY AND SUSTAINABILITY 4B
ITME101|D1|22,RESEARCH METHODOLOGY
MEET101|D1|22,RESEARCH METHODOLOGY I
TAXA303|D1|22,RESEARCH METHODOLOGY
FIAC202|D1|22,RENEWABLE ENERGY 3B
APDP101|D1|22,RESEARCH PROJECT
BCTY201|D1|22,RECREATIONAL SCIENCE
APRT201|D1|22,RETAIL SUPPLY CHAINS
PHYP401|D1|22,RESEARCH METHODOLOGY
ANGR121|D1|22,RESEARCH METHODOLOGY
FCAB301|P1|22,RESEARCH PROJECT II
MENM101|D1|22,RF ENGINEERING IIIB
MKEN201|D1|22,REFLECTIVE LEARNING
MCPP202|I1|22,REFLECTIVE LEARNING
ADLL101|D3|22,RESEARCH METHODS
PSYB201|D1|22,RESEARCH METHODOLOGY
EPPH101|D1|22,RESEARCH METHODOLOGY
PSCI102|I1|22,RESEARCH METHODOLOGY I
PPID102|D1|22,RENEWABLE ENERGY SYSTEMS
AOMT401|D3|22,RENEWABLE ENERGY TECHNOLOGY
NMEN201|D1|22,RETAIL OPERATIONS MANAGEMENT IIB
PTHB101|D1|22,RETAIL OPERATIONS MANAGEMENT IIIB
ENTS302|P1|22,RESTAURANT OPERATIONS 101
MPAP101|D1|22,RESEARCH PRACTICES AND PRINCIPLES II
CPPR211|D1|22,RESEARCH PROJECT
ATIM201|D1|22,RESEARCH PROJECT
LABR101|P1|22,RESEARCH PROJECT & DESSERTATION V1
NOCN201|D1|22,RESEARCH PROPOSAL DEVELOPMENT
GEIH102|P1|22,RESEARCH PROJECT 402
PHSY103|D1|22,RESEARCH PROJECT
ZUFL102|I1|22,RESEARCH PROJECT
PBRP301|P1|22,RADIOTHERAPY PRAC & PROC IA
ICMT101|I1|22,RADIOTHERAPY PRAC & PROC IB
LFSC202|I1|22,RADIOTHERAPY PRAC & PROC IIB
HRMP101|D3|22,RADIOTHERAPY PRAC & PROC IIIB
BSPM321|P1|22,RADIOTHERAPY PRAC & PROC IVB
COME301|D1|22,CLINICAL RADIOTHERAPHY PRACTICE & PROCED
APDJ201|I1|22,RESEARCH PROJECT
WPRL201|D1|22,RESEARCH PROJECT 4B
HMRM101|D1|22,RESEARCH PROPOSAL
ASMT303|D1|22,RESEARCH PROJECT
FCMT802|D1|22,RESEARCH PROJECT
HSRS201|D1|22,RESTORATIVE JUSTICE
FOTO401|D1|22,RESEARCH II
APCP201|D1|22,RESEARCH METHODS IB
NMPB201|D1|22,RESEARCH PROJECT
ADFM403|P1|22,RESEARCH PRACTICES AND PRINCIPLES II
RTSC201|D1|22,RESEARCH PROJECT
PCLW201|D1|22,RESEARCH METHODOLOGY 402
ELTE202|I1|22,RETAIL BUYING
ADLL101|D1|22,RETAIL MARKETING
DEAP101|D1|22,RADIATION TREATMENT SCIENCE I
CYCP302|D1|22,RADIATION TREATMENT SCIENCE II
AESP201|D1|22,RADIATION TREATMENT SCIENCE II
FACN321|P1|22,STRATEGY ACQUISITION AND
GRPH301|D1|22,STRATEGY ACQUISITION AND MANAGEMENT III
FIRE402|D1|22,SOUTH AFRICAN SIGN LANGUAGE
CODC501|D1|22,SOUTH AFRICAN SIGN LANGUAGE 202
PSSB101|D1|22,PRACTICE MANAGEMENT AND JURISPRUDENCE V
STMC101|D1|22,SMALL BUSINESS DEVELOPMENT
SCHM101|D3|22,SMALL BUSINESS MANAGEMENT
CNTB102|D1|22,SCIENCE I: CHEMISTRY
APTX802|D1|22,SCIENCE: COSMETIC
CNPB401|I1|22,SUPPLY CHAIN MANAGEMENT
CYCW201|D1|22,SUPPLY CHAIN MANAGEMENT
HCDK101|D1|22,SOMATIC CLINICAL PRACTICE 1B
FPSO202|D1|22,SOMATIC CLINICAL PRACTICE 2B
CMAC102|P1|22,SOCIETY AND MEDIA (GEM)
EPHB101|D1|22,SUPPLY CHAIN MANAGEMENT II
RSPP201|D1|22,SOCIO-PSYCHOLOGY II
TXNB201|P1|22,SCRIPTWRITING IB
CLWA101|P1|22,SCRIPTWRITING IIB
MANA302|D1|22,SCRIPTWRITING III B
EPSH401|P1|22,SOCIOLOGY OF WORK
HIST111|D1|22,STRATEGIC MONITORING AND EVALUATION
TEPT101|D1|22,STRUCTURAL DESIGN THEORY INTRO IIB
SKLB201|D1|22,SOLUTIONS DEVELOPMENT
TERT201|D1|22,SUSTAINABLE ECOTOURISM DEVELOPMENT
MWMP101|I1|22,SUSTAINABLE EARTH STUDIES
JDDB301|D1|22,SOFTWARE ENGINEERING III
TXSB201|D1|22,SHIPPING AND LEGAL PRACTICE II
ADRE401|D3|22,SHIPBOARD MANAGEMENT II
RMTD101|D1|22,STRATEGIC HUMAN RESOURCE DEVELOPMENT
PAPL102|D1|22,STRATEGIC HUMAN RESOURCE DEVELOPMENT
APFA302|D1|22,SKILLS DEVELOPMENT IB
FANU101|D1|22,SKILLS DEVELOPMENT IIB
PTPY101|D1|22,SKILLS DEVELOPMENT IB
CMMS101|D1|22,SKILLS DEVELOPMENT IIB
IEMH102|P1|22,STRATEGIC LOCAL GOVERNMENT MANAGEMENT
ANBC301|D1|22,SOIL MECHANICS A
ECMS302|I1|22,SOIL MECHANICS B
FDPE201|D1|22,SUSTAINABLE L/SCAPE PLAN & PRAC IIIA
BSBB102|D1|22,SUSTAINABLE LANDSCAPE PLANNING & PRACTICE IIB
COTH301|D1|22,STRATEGIC MONITORING AND EVALUATION
FSTX101|D1|22,SMALL BUSINESS MANAGEMENT
PNLM201|D1|22,SPORT MEDIA COMMUNICATION
APFM802|D3|22,SIMULATION MODELLING
DPPB401|D1|22,SPORT MARKETING 2 : SPORT ENVIRONMENT ST
ISYB301|D1|22,SPORT MARKETING 1 : PRINCIPLES OF SPORT
JRPR302|D1|22,SOMATIC THERAPHY: BODY
SOCN101|D1|22,SOMATIC THERAPHY: BODY
MCBH101|D1|22,STRENGTH OF MATERIALS I
TMTE102|D1|22,STRENGTH OF MATERIALS II
ADHO301|D1|22,SOMATIC RESEARCH PROJECT
EMCP101|D1|22,SINGING IB
CMMP301|P1|22,SINGING IIB
IZHP201|D1|22,SINGING III B
APSC101|D1|22,SOCIETY & THE MEDIA
CRCL201|D1|22,SOCIOLOGY
STPB301|D1|22,SOFTWARE DEVELOPMENT AND
ADCP702|D3|22,SOMATOLOGY MEDICAL AESTHETICS I
HVSS802|D1|22,SENSOR PRINCIPLE AND TECHNOLOGY
CADE401 |D1|21,STRATEGIC PUBLIC MANAGEMENT IV
EVMT101|D1|22,SUPPLY CHAIN MANAGEMENT
THER101|D1|22,STRATEGIC PUBLIC HUMAN RESOURCE MANAGEMENT IV
FNFM401|D3|22,SPECIALIST JOURNALISM 401
PSSB102|D1|22,STRATEGIC PUBLIC MANAGEMENT
MCRD301|D1|22,SPORT PSYCHOLOGY
ALDS201|D1|22,SPORT RESEARCH PROJECT
BSFN102|D1|22,SURVEYING FOR CIVIL ENGINNERING 1B
EPDE101|D1|22,SOC RESP & SUSTAINABLE COMM DEV
RPPB401|D1|22,STRATEGIC SUPPLY CHAIN MANAGEMENT
AFLF202|D1|22,SHIP STABILITY & CONSTRUCTION II
COME111|I1|22,SOCIOLOGY AND SOCIETY
MSRV101|D1|22,SOMATIC SPORTS MESSAGE THERAPY
WPMS301|P1|22,SYSTEMS AND PROJECT MANAGEMENT 4B
MTRS101|I1|22,SYSTEMS AND PROJECT MANAGEMENT 4B
COMA202|D1|22,SYSTEMS THINKING AND LEADERSHIP 4B
ENCS121|P1|22,STRUCTURAL ANALYSIS IIB
APSS101|D1|22,STATISTICS FOR THE APPLIED SCIENCES
STAS102|D1|22,STATISTICS FOR THE BUILT ENVIRONMENT
EGDS201|I1|11,STRUCTURAL BEHAVIOUR III
PGRP802|D1|22,STATISTICS
APFA802|D1|22,STRUCTURAL DETAILING
AUDN301|P3|22,SUSTAINABLE TOURISM PLANNING & DEVELOPMENT 1
CGBE101|D1|22,SELECTED TOPICS IN MECHANICAL ENGINEERIN
ILGB201|D1|22,STRATEGIC HUMAN RESOURCE MANAGEMENT
CCPP521|D1|22,STRATEGIC HUMAN RESOURCE MANAGEMENT
WWRK101|D1|22,STRATEGIC HUMAN RESOURCE MANAGEMENT
TAXA101|P1|22,SELECTED TOPICS IN INDUSTRIAL ENGINEERING
OPRM201|D3|22,STRUCTURAL MECHANICS IB
TXAN101|P1|22,STRUCTURAL MECHANICS
INTTAXA|D6|22,STRATEGIC MONITORING & EVALUATION
TPRS102|D1|22,STRENGTH OF MATERIALS II
SKLB101|D1|22,STUDIO PRACTICE IB
CPTH201|D1|22,STUDIO PRACTICE IIB
BHVM301|D1|22,STUDIO PRACTICE IIIB
PRLE802|D1|22,SUSTAINABLE TOURISM PLANNING AND DEV 1
RPAP201|P1|22,STRATEGIC PLANNING
PLSB101|D1|22,STRATEGIC PLANNING
AICR802|D1|22,STRATEGIC PUBLIC MANAGEMENT IV
HMRM201|D1|22,STRATEGIC PUBLIC MANAGEMENT
TRNB201|I1|22,STATISTICAL QUALITY TECHNIQUES
MLIT202|I1|22,STRUCTURAL ANALYSIS
ADPR402|P1|22,STATISTICS I
LMKP101|D1|22,STRATEGIC SUPPLY CHAIN MANAGEMENT
LWLF101|I1|22,STRUCTURAL STEEL DESIGN IIIB
ATHB201|D1|22,STATISTICS II
EMTB102|D1|22,STATISTICS I
TESS301|D1|22,SUSTAINABLE HORTICULTURE IV
STQT401|D3|22,SURVEYING FOR CIVIL ENGINEERING
ISOP102|D1|22,SURVEY DRAWING I
PSMK101|D1|22,SURVEY PROJECT III
CHCP401|D1|22,SURVEY OF TEXTILE INDUSTRY IB
ORSP101|D1|22,SOFTWARE DEVELOPMENT FUNDAMENTALS
IDED800|D1|22,SOFTWARE SUPPORT
CRTH101|D1|22,SYSTEMIC PATHOLOGY B
BAPP302|I1|22,SYSTEMS FUNDAMENTALS
ETPS101|D1|22,SYSTEMIC PHATHOPHYSIOLOGY
ERTB301|D1|22,SYSTEM PATHOLOGY IA
PJTM101|D1|22,SYSTEM PATHOLOGY IB
TRSM301|D1|22,TRANSLATION AND INTERPRETING PRACTICE 402
ECOP201|P1|11,TAX OPINION WRITING 4
ECMS202|I1|22,TECHNOLOGICAL APPLICATIONS IN TOURISM
TDNB201|D1|22,TIME AND STRESS MANAGEMENT
GITL201|D1|22,TIME AND STRESS MANAGEMENT
MEVL301|P3|22,TAXATION AUGMENTED
ANPB103|I1|22,TAXATION 1
INAS201|D1|22,TAXATION 2B
BAPB301|D1|22,TAXATION 301
APDJ302|I1|22,TAXATION 301
LFLP102|I1|22,TAXATION IIB
BNMN201|P1|22,TAXATION IIB
CVTE102|I1|22,TAXATION I
EMCH101|D1|22,TAXATION I
DFTS101|I1|22,TAXATION IIB
DRMN101|D1|22,TAXATION II MODULE 2
TMSG101|P1|22,TECHNICAL LITERACY
UNMN402|I1|22,TECHNICAL LITERACY
ZUHL102|I1|22,THEORY OF CLOTHING II
PPEF102|D1|22,THEATRE DANCE IB
MKCB201|D1|22,THEATRE DANCE IIB
DPPB301|D1|22,THEATRE DANCE III B
MHNR302|I1|22,TECHNICAL LITERACY
SPJN402|D1|22,TERMINOLOGY DEVELOPMENT
NITS102|D1|22,TELEVISION JOURNALISM 2B
IEBE102|D1|22,TELEVISION JORNALISM 3B
MKCA201|D1|22,TECHNICAL LITERACY
CYCP202|D1|22,TECHNICAL MATHEMATICS 102
MGTP201|D1|22,TECHNICAL MATHEMATICS 202
MCLB301|D1|22,TECHNICAL MATHEMATICS 302
HSTL101|D1|22,THE ENTREPRENEURIAL EDGE
OPCH101|D1|22,THE ENTREPRENEURIAL EDGE
PRMA102|D1|22,ADVANCED ENTREPRENEUSHIP
EVSC101|D1|22,TECHNOLOGICAL APPLICATIONS IN TOURISM
EDTB201|D1|22,TEXTILE RESEARCH TECHNIQUES
GREN101|D1|22,TRENDS IN EXERCISE AND SPORT SCIENCE
ALAJ501|D1|22,TEXTILE TESTING PRINCIPLES 2
TEJO302|D1|22,TEXTILES 2B
ACTB401|D1|22,TOURISM FINANCIAL MANAGEMENT
SHRV802|P1|22,TOURISM FINANCIAL MANAGEMENT
INDL802|D3|22,THEORY OF CLOTHING
HPTH101|D1|22,THERMODYNAMICS
TRED401|D1|22,THERMOFLUIDS I
PLDS321|D1|22,THEORY OF INTERNAL AUDITING 2
ENHL202|I1|22,THERMODYNAMICS II
PPTS201|D1|22,THEATRE STUDIES I B
IPPH411|D1|22,THEATRE STUDIES IIB
MDMA201|D1|22,THEATRE STUDIES IIIB
RTSC201|D1|21,THEATRE STUDY IV
SCCH101|D1|22,TECHNICAL LITERACY
LSKL101|I1|22,TALENT PORTFOLIO
PMAT401|D1|22,THERMODYNAMICS
TXAN101|P3|22,TEXTILE MATERIAL SCIENCE 1
CLLB201|P1|22,TIME AND STRESS MANAGEMENT
MIEC101|P1|22,TIME & STRESS MANAGEMENT
FACB201|D1|22,TIME AND STRESS MANAGEMENT
PPDV501|D1|22,TELEVISION MEDIA TECHNOLOGIES IB
BAAI102|D1|22,THEORY OF CLOTHING 5
INAU101|D1|22,TOURISM ENTREPRENUESHIP
PHCS201|D1|22,TOURISM ENTREPRENEURSHIP
BHVM101|D1|22,THEORY OF INTERNAL AUDITI
INOC401|D1|22,TEACHING PHYSICAL ACTIVITY TO CHILDREN
HDEV301|D1|22,TALENT PORTFOLIO MANAGEMENT
PSMA101|D1|22,TALENT PORTFOLIO MANAGEMENT
CLCP101|D1|22,TEXTILE PRACTICE AND RESEARCH PROJECT
JOPR302|D1|22,VIDEO PRODUCTION SOFTWARE IB
LEKN401|D1|22,THEORY & PRACTICE OF SELLING
PFDV401|I1|22,TRANSLATION 102
TAPT102|P1|22,TRANSCRIPTION AND EDITING
CAAU202|D1|22,TRANSFER PROCESSES
SASL202|D1|22,TOURISM MARKETING 2
PUBP301|D1|22,TOURISM MARKETING 3
PVES802|D1|22,TRANSPORT TECHNOLOGY A
ERTB401|D1|22,TRANSPORT TECHNOLOGY B
APFA802|D3|22,TRANSFER PROCESSES
PPRM101|D1|22,TOURISM MARKETING 2
FINM402|D1|22,TOURISM MARKETING 3
APPM101|D1|22,TRANSPORT TECHNOLOGY IIB
EDUC401|I1|11,TRANSPORT TECHNOLOGY IIIB
SWDF101|D1|22,INTRODUCTION TO REGIONAL TOURISM GEOGRAPHY
FACB101|D1|22,TRAVEL AND TRANSPORT OPERATIONS 1
BRSP802|D1|22,TRAVEL AND TRANSPORT OPERATIONS 1
ACRP802|D3|22,TECHNICAL SCIENCE 102
CELB201|D1|22,TECHNICAL SCIENCE 202
INMT202|I1|22,TECHNICAL SCIENCE 302
TEMA302|I1|22,TIME AND STRESS MANAGEMENT
LEGP101|D1|22,NTRODUCTION TO SHIPBOARD OPERATIONS
NUTI102|D1|22,TESTING AND STATISTICS
POJO101|D1|22,TIME AND STRESS MANAGEMENT
AAMN101|D1|22,TOURISM WORK BASED LEARNING 2
B23D101|D1|22,TAXATION I
INSL101|D1|22,TAXATION I
EDCN201|I1|22,TAXATION II (MODULE 2)
ADAB101|D1|22,TAX LAW 5
APRE404|D1|22,TEXTILE MATERIALS
STPB101|D1|22,TAXATION II B
EGAD302|I1|22,TAXATION 1
NMIS101|D1|22,TEXT STUDY IB
MCHI301|D1|22,TEXT STUDY IIB
ANGR221|D1|22,TEXT STUDY IIIB
WPPD101|D1|22,TEXTILES I
YSTH101|D1|22,ULTRASOUND IMAGING SCIENCE I
CGBE403|P1|22,ULTRASOUND IMAGING SCIENCE II
SSPM402|D1|22,UNIT OPERATIONS B
OEFC201|D1|22,UNIT MANAGEMENT
ADTN301|D1|22,ULTRASOUND PRACTICE AND PROCEDURES IA
BUFI501|D1|22,ULTRASOUND PRACTICE AND PROCEDURES IB
GISY401|D1|22,ULTRASOUND PRACTICE AND PROCEDURES IIB
DSGP201|I1|22,ULTRASOUND PRACTICE AND PROCEDURES IIIB
PWEB101|I1|22,ULTRASOUND PRACTICE AND PROCEDURES IVB
AFAC302|P1|22,CLINICAL DIAGNOSTIC PRACTICE & PROCEDURE
HPHB201|D1|22,CLINICAL DIAGNOSTIC PRACTICE & PROCEDURE
DFMT101|I1|22,URBAN PLANNING THEORY AND PRACTICE I
PRJO102|D1|22,URBAN STUDIES
VCOD402|D1|22,UTILISATION OF ELECTRICAL PLANT
PSCC101|I1|22,VISUAL COMMUNICATION DESIGN I
TXLW802|D1|22,VISUAL COMMUNICATION DESIGN II
SCLB201|D1|22,VISUAL COMMUNICATION DESIGN 401
MWMU101|D1|22,VIOLENCE & NON-VIOLENCE
PJMN301|D1|22,VIDEO PRODUCTION PRACTICE IB
METE202|I1|22,VIDEO PRODUCTION THEORY IB
GENV101|D1|22,VIDEO PRODUCTION THEORY 2B
TPAC101|D1|22,VALUES IN THE WORKPLACE
APRJ101|P1|22,VALUES IN THE WORKPLACE
UPPB201|D1|22,VALUES IN THE WORKPLACE
MTSP202|I1|22,WASTEWATER TREATMENT TECHNOLOGY
ACPR102|D1|22,WORK BASED PROJECT II (DESIGN & TECHNO
CEPH102|P1|22,WET PROCESSING PROJECT
DSMN101|D1|22,WEAVING PRINCIPLES 3
CPTD201|D1|22,WATER HYDRAULICS IIB
HOMA301|D1|22,WIL: ACCOMMODATION MANAGEMENT I
INAU402|D1|22,WIL: ACCOMMODATION MANAGEMENT I
PATT102|D1|22,WIL:  FOOD AND BEVERAGE I
ENVM101|D1|22,WORK-INTEGRATED-LEARNING
MTCH202|D1|22,WORK INTEGRATED LEARNING 1
VPRP102|D1|22,WORKPLACE PRACTICE
SMTB101|D1|22,WORKPLACE PRACTICE
TLIT101|I1|22,WORK PREPAREDNESS
ECTM201|P1|11,WORK PREPAREDNESS
ENVN101|D1|22,WORK PREPAREDNESS
PCSB301|D1|22,WORK SAMPLING
DAPB101|D1|22,WORK SAMPLING
STPM802|P1|22,WELLNESS 1B
EQDV101|D3|22,WELLNESS 2B
INAU102|D1|22,WELNESS THERAPY I
BISB301|D1|22,WORK PREPAREDNESS FOR PUBLIC MGT
ISHP101|D1|22,WORK PREPAREDNESS
PFMG101|P1|22,WRITING FOR PUBLIC RELATIONS
EVAH101|D1|22,WEAVING PREPARATION THEORY
YNMC502|D1|22,WRITING FOR PUBLIC RELATIONS
IPDF301|D1|22,WATER TREATMENT TECHNOLOGY IIIB
ALOD401|D3|22,WEAVING PRINCIPLES IV
VWKP101|D1|22,WRITING FOR PUBLIC RELATIONS
CTMM101|D1|22,WEAVING TECHNOLOGY III
TMDN802|D1|22,WORLD OF WORK
THRM202|D1|22,YARN MECHANICS
LBRR101|D1|22,YARN TECHNOLOGY II
ACPC102|P1|22,YARN TECHNOLOGY III
SMMD101|D1|22,YARN SPINNING THEORY
PPLC201|D1|22,YARN SPINNING THEORY 3
ADIM401|D3|22,ZULU FIRST ADDITIONAL 1
FREN202|P1|22,ZULU FIRST ADDITIONAL II
BLSP101|D1|11,SIZULU FIRSH ADDITIONAL LANGUAGE 302
DSPJ201|D1|22,ZULU HOME LANGUAGE 102
YRNT201|D1|22,ZULU HOME LANGUAGE II
FPSO302|D1|22,ZULU HOME LANGUAGE 302
